0b6bcc7c-fc6b-43ed-93de-fd6e81deee9b,7151745c-5800-438b-8e2f-9a123df633f9
74e48f32-7004-4b48-9366-59a810b6aade,0bab935f-fb96-4961-8524-40e47ac72555
e8830660-a29f-4833-9970-834689cff546,c0d572ad-67fc-4c96-852b-705561d87e27
ca5ddf68-7dd2-40a0-980a-dcc6344bab05,d2d72891-f7a6-4cee-8cfb-2d41516a0e04
331937d2-c00a-41e4-9556-6fe68305c0cf,f5b68af0-f224-4ad7-b32f-689d2c4a1c77
6e9d66ac-2cf9-4961-a11f-900b12021255,ab8b3fd9-3ec6-4f32-a7c8-9e5265f2e277
ad17d6ff-56aa-447c-b5de-f8ddf7d90702,bafe5087-5276-440f-9f7e-1c25cddf86bf
a740194f-debf-4a48-be66-e6a232d73ac6,6d7bc655-b92e-4a9d-a15a-261b4c15d60b
c2f350ca-a46a-4a5b-b73f-17a036336967,fba2aae4-c14b-424c-ad0d-08dde38b22c8
cd55dc7f-ac83-41e6-9ba7-6836e205d45c,e4053440-cd5a-4560-a59e-29c136c9b775
cf602a35-bb9a-4325-b0df-f4d9d538ceec,af06ced5-9d64-4bf3-8ae3-c845d2d0a4b3
d60300cc-e09d-4229-9b5b-f3a5ba79801c,daa5eaa5-8019-46b7-afd3-d4361a7e4518
817d91b5-6e99-4d27-904b-66a636abe1f8,0c8e60f6-af0c-408d-b31f-874f6cfefd55
8cbd8b0e-ff77-40b3-acc2-7dc974e6e7dc,3502d4d5-cb77-4344-b499-8a69937aa0ba
0814ac2f-52b7-439b-94ed-b9ed2b913d4d,c76ba195-941b-4cda-9724-afeeaac763c5
0b29acfe-e99c-4c52-b113-b703ab2ae795,f8b06aed-0ba3-4aec-aef6-1c7d9ed3a885
972ca434-0524-4cec-9e32-28f57586f2a1,f8b06aed-0ba3-4aec-aef6-1c7d9ed3a885
bb797a72-a5cc-4396-ad28-6b46c4746c62,1afdf3c5-605c-4ed1-8a62-53e2a860c14d
63a6f1d9-5f46-4c97-af54-21ce3a6e5539,c27d419f-6822-464d-9529-5c3da2b50a40
3c6ba57d-556b-4d51-b718-6a8bdc5a9563,a6e2dcb1-bdaa-4b22-ab64-a1c074075657
7edcf5b4-b417-4980-a338-829892797230,a8eedb3b-96dc-4c79-a8a7-052faad6f78a
e1f23bb6-de90-4d77-972a-2b52c10efd8a,0f90c584-50a6-4655-8999-5cb2cb60fc04
0e5ddf6a-866f-4584-a722-f52114c87d62,fee88c47-3a18-4ed6-8231-6a31e74c8050
356c6546-a030-4803-9101-4961192d107a,198de47b-55fb-4ae9-aa47-6a6b5bea6d88
1143e599-6323-4371-bfaa-17801db8a293,2401324f-e945-4d1c-8929-75c65ffc329b
1cf9d997-099b-47b5-a5c5-00e8f23f696c,4dfd4b0c-9795-412d-9167-3016904ee0ca
66aca888-29f1-4ea8-ad04-c65291e8def5,25668d15-72cd-4345-9c1f-fa096f9521a0
e595a64f-3fe4-47c6-9eb8-0e26e3f3a3ad,53f3faee-4324-467f-b022-9c55ce43064f
3d2e6328-02fb-4f7d-a138-d71d39f42b12,5e3feef3-1f77-482c-adfa-d41d9af637e9
11a49389-4861-4186-b37e-466f5dce91f7,a4448d0e-18dd-4878-9510-0546ca6ec4b8
29beb379-1635-4066-8e81-925200c789a7,dc5ff477-1ff0-491a-8866-05a0877cec8f
2a5be925-ce78-4e91-b4bb-5c046440aa71,48e04c41-654f-4614-a834-905eb5452398
a6d084bf-f8dc-4cf4-b27d-3af1e3fd7d11,468bcc9c-1287-4556-be6d-de1774c8be6c
a3170aa5-5bdd-4630-9e5f-20704211d88b,1e0c624e-a332-4a67-9e38-722b8a119d0d
e24cc4c6-f49d-478c-9d00-4368dfcd1cd9,7de546a2-025b-4d66-89f9-fc561bfb10fc
a9042585-2bc1-4719-97b5-da935c62aa5d,c4da46d3-457e-49a3-b5ef-f7faac6e7b54
eb0d891b-a3f5-4b96-a04a-9be53f294789,8138fe12-c00c-4dc2-9d11-c9973237dfa3
21d127dd-26a7-4e6c-9000-207a92335698,70415dfc-c791-476c-bdca-f532f7d38d07
651aec4d-38a6-4e8c-9c67-19edc51d424d,30d447e7-08eb-41b3-9fad-d3a22464bdcb
48912557-af52-4098-b6f7-f534ba4a6ef3,2b32a0b1-8dd8-459e-a96b-d0a0b599155c
e0fddd66-5983-40dc-8013-d44bb6031dab,87fec7d0-f6ff-428a-830d-462808030abd
48912557-af52-4098-b6f7-f534ba4a6ef3,2aaaabf2-6b02-49ed-962f-ac2cd366fafe
9a4a3275-6926-4039-a876-dd0d59cf847e,9accb4de-61d9-4ec0-884b-92946b484c18
cc2e0a82-27bf-4e38-b036-dea8a371e1f5,70ea19f3-cf39-41a4-a29d-0de9c6fca42a
6a6d53ba-a16f-4465-b434-a197983066eb,d248a9e6-6a3f-4dff-af06-3704ea588726
ab55236c-5b70-4265-a6ba-79a529b4f984,56941d50-8393-4ae9-b29f-1bbfd1520dcf
9b3bba35-baed-4300-aff1-a6a75c9512ab,298cbe28-a1ae-4389-92b1-6cd21d175e9f
cec15651-f9ce-4059-ac95-9772897523d5,573a35dc-2367-4c9d-a717-a510be98b43e
a342c45e-ccb1-41d6-a99a-18731a11e14a,66e20efb-fdb4-4f01-8034-6b0b273e8a25
835e78ea-0b4f-47a4-8846-449c848af733,cca9ac5f-3471-4e3a-8687-15fc09bed8b9
83b1f105-b3cb-4557-a99a-9495a7a45615,af2e1091-fe6a-4824-91bc-ee0d3614b1f7
d706ddb8-07bd-4fac-9b79-45551e8ea57d,fb96a557-9d36-47d8-89a0-62789ca3481f
05e3e77d-20a8-4be5-82f4-d17e946a3fda,87bb9b36-821a-4e25-9ccc-51a3fa909234
95d2cd8f-0c97-456f-af89-22f717bb5c81,bf92207e-e7b3-40fd-9a62-85ec91920750
cc0ee069-d7e0-4dce-aa82-74546cf58a5c,1bc35cf7-fc36-4c7c-a7f9-817c64bee21e
2641c826-766d-4774-a0af-9b3afc2bdba7,2f3d083a-b59b-4f16-9fba-89f9292f07bb
db3475c8-472a-4438-a8d6-b4760b17b309,39e5d7dd-c500-4c9a-a69d-fca1dc16749c
3099423a-8506-4896-aaa2-95ecd2c25148,3766be45-ee95-4853-8444-c2bf5a7ba6ee
2ff3da00-844f-4e62-8358-c2e1a3d49ae8,b99640a9-24f6-437b-be0c-e958d11edad1
001a718b-321b-46cb-84b7-f32391352315,ea004744-1d9b-4882-902c-ebee34482fc5
bae265d9-d208-417f-a2a2-7d25494c7fde,70bbb596-a437-465a-9193-2fd8ff610e76
eab5c485-e15d-41cb-bddf-3d6c7aeacbf6,fe57b0ec-a7a9-45c1-90e5-8b1f27ce2540
73c71b46-5675-4a5d-b819-73c88d642076,ca262d01-7a0f-448c-be3d-2ef9952997e6
df7d958c-87f5-4c61-9e0e-0ca9bbfd567e,5b04c4ca-2c00-48be-9b51-a94dcb27a7f9
586f4523-19e4-4d81-851f-3fab2d6db4aa,813195b1-1215-4d90-bd13-1215434fb9e4
625cd678-b77d-442f-8a49-08814f1b56ee,3cfb7bf0-03c6-4d62-9133-8c0f03c3dac3
e8830660-a29f-4833-9970-834689cff546,ebb33283-01e2-49b2-b1e1-ff741ce8397e
d4d7e92a-b849-43e8-b7c6-90021b87dde5,0313b1b0-061b-48cf-acc6-618ca4000722
f3bf73b3-4a9a-47e4-a09e-4278f1afa796,8ae3c17b-7c81-465b-a247-17d0d6b406f0
bb797a72-a5cc-4396-ad28-6b46c4746c62,20559dab-4d34-4e09-9437-89deb68ba442
2887a1ec-309d-418d-a973-4fb81c324ba5,95f8fe2a-0ee3-451c-b116-945f6a204df7
cbd6835a-42d1-4086-8593-51101826dbe2,d5a2a5f9-8f18-4fda-b6c4-87684658c07f
8ed348f4-c9a9-4fbe-9661-3d32da433a8f,bb519fe5-02b3-4c20-9674-d27bbf468ba3
21047e11-86f0-48ef-8f5e-189f14da36a7,15a447a4-b5b0-4930-bf4e-eb0e637baa00
972ca434-0524-4cec-9e32-28f57586f2a1,eb5a36b3-641d-4e12-b7cb-ee81403732bc
33a12f0b-00e4-4fb0-b518-1e35567a2f23,8a3cfbd7-ffbb-42a6-ba36-536bea4635e5
619f1be7-ba5c-4f1e-9316-6f8aa5ce911e,b9f9364e-132d-44c7-8042-71f1e9d29da7
d82f07d6-ee85-46f2-b38e-b3671481637a,d248a9e6-6a3f-4dff-af06-3704ea588726
3f14065f-5a0b-4c3c-a527-76ea831cd0df,3b51af7b-8ae0-4b33-b899-8a84daa6ebb4
33d98a69-2777-445e-a7de-c06b977cf13f,350c6a62-9194-444a-bad0-5fd10f171f1c
ca5ddf68-7dd2-40a0-980a-dcc6344bab05,2ab887fc-e742-4e5f-956e-a6ed3661360f
a9d4021d-78a3-4778-8005-1a946a22fde0,f908c0e6-fb37-4113-b26e-d60f32d2fc07
0de548a4-6a52-4aa0-a5d0-802e357c7045,889626a1-d2c8-4b90-b445-c24cedab28cc
0c1afd2c-ac0a-4f91-8a5a-ebe4d8e385aa,fd788886-013b-4572-9e0a-fec111b3bffd
0b00bc2d-0d25-464f-a2f4-f89d75aaac43,27df01cc-9ac4-4e9e-a86c-f62fee1e68dd
de887338-8d5d-4718-a3f7-4c516fc7ed7b,43f0ad5a-1e99-4133-b236-04ff2d0fd029
48912557-af52-4098-b6f7-f534ba4a6ef3,48e04c41-654f-4614-a834-905eb5452398
2cf37f54-7801-46f1-9004-6ded79ca9f5c,1783b365-007b-4bb7-8164-597ec5dacf95
356f2567-b0d3-40b5-8871-dcc2a98b58ad,089675ab-c412-45dd-99f3-2865b5ebd6ab
e7709ae3-6a4d-4e44-988b-18a69d3e44d7,e791682c-2156-48b7-8996-9924378a53c7
3dd720b9-f8c0-41ba-92cb-d3a7c7ee689e,bcaaa417-2342-442d-ae95-8fbb945ebf11
9b4269e4-2830-4118-9a6e-1e6746d2d09a,b91d7804-71df-487c-baba-faf629b18a2f
844435c1-e011-4a2a-a4b8-2d0c9894cf06,93662d79-2caf-4aa2-85b7-bc24547e2922
f69e18e9-6db1-481d-93ea-6eada824ce61,984d92ea-73ec-4f59-b203-27245300dd6e
2336ca1b-bf23-4029-ba2a-90be06829130,3e7ac1cb-84ff-4e42-aeeb-412a49cd342b
a3170aa5-5bdd-4630-9e5f-20704211d88b,a4bd6d22-dc07-479c-9ad5-ac774f04c8bf
503e7a5a-0dda-443c-8ac4-db6f1b52f173,05ad7b94-fd3b-4447-b20c-970d76ca21c8
b35ea01a-6d36-4970-b98f-b1d3f91931b6,aeee3703-1c39-4110-a978-9920343beb87
a0925da5-b4f3-4d42-9e7b-4bb792edb088,b1ff6c11-ddb5-41a0-a865-5d8fbceb6103
84c825e2-0cd4-40be-95b0-34c23dc15328,70bbb596-a437-465a-9193-2fd8ff610e76
5561e90c-d599-4e4d-bb6e-65479287de37,20ad250b-d8b1-4401-ac26-a23ddbe481e7
6f6738c8-63e0-4a4b-bd7c-f2b68e722b1c,f0926faa-c1cf-47b0-91de-05996cb79dd2
2641c826-766d-4774-a0af-9b3afc2bdba7,27ce5a0b-56aa-41b6-8d10-adf779e5e668
33a12f0b-00e4-4fb0-b518-1e35567a2f23,0500e051-2c41-4400-8999-35c0dee55e2c
57615edb-843b-41e7-a677-e420e8ad9051,335a175c-a565-44c6-ae02-f2c6ca298a1f
a2c53790-26c2-4860-9881-10d28854e4f2,a43d6bf4-f2ba-49e8-b612-1481fe3c73fd
1da97c16-684d-4e4b-a643-08ceedba8bab,ad819638-b21b-47fb-95a8-2a03311f261e
1d1e6678-75d2-4783-9094-4f3cbb0448a0,cba7137e-aed8-4d9f-a4aa-197f2e8e425d
07dcbce6-e9fa-40ce-a5ae-5da2aff869ef,3f80dc9d-8727-409f-a23f-96ce939e22f9
5f371ba1-d5c4-4838-98a2-7b20478f0f99,3b35fd0c-d8d6-49b2-a207-bf1c0a4b345b
d2f429d1-2144-4d5d-847c-85b05bf9c388,899ed7a4-09bb-42a1-9e72-2b85012b243e
998ec9f9-3d92-4596-a21e-4bf6ff50069e,8ae3c17b-7c81-465b-a247-17d0d6b406f0
4d29fa1f-ec68-4455-afe4-3410d4a48446,98cd2249-e848-4545-8644-5aa596169954
6aac1b37-94c7-4f5e-857d-ce1765a4dce6,87fec7d0-f6ff-428a-830d-462808030abd
fb9f37b0-e72a-46a2-85b2-46afbfa74002,95350e11-26f8-48b4-939a-0c4c6b274254
805d7d2d-2947-47fb-b339-dfd844e767af,9e8d449d-8b19-4b32-bb5c-2752cccf5cec
63a6f1d9-5f46-4c97-af54-21ce3a6e5539,0313b1b0-061b-48cf-acc6-618ca4000722
21d127dd-26a7-4e6c-9000-207a92335698,af6c2a85-57d2-4121-9128-0c5771788da2
54ce2566-776d-4a9e-8dbc-a1aaede638b4,350c6a62-9194-444a-bad0-5fd10f171f1c
33745313-539a-4453-95ca-b84c8a64fbbb,71d2b4cb-4046-44db-a98d-cea11496a2ee
6990ebe2-9e45-4138-bb1a-fea1e4369435,ba55d936-bf4c-4529-b95b-7bc4860cec66
64213de6-1cae-4c46-ba58-2feb79c1d7ec,7cdc1b75-b597-4d17-ae1e-7854973db05e
1b79cc2c-c4ef-460a-a65d-d94dd28d6967,a207cb16-bd9c-4722-b6ad-15d0e8481181
7dff2168-83fe-4f2e-9f2f-47a2a1fc9d29,37bd0a6d-ca26-40b9-b799-6651d79792bf
9f7f4351-07f9-44d6-81e7-90c76f889b58,e8e2d1f8-a232-48c8-9ad8-06215cc79afe
7edcf5b4-b417-4980-a338-829892797230,c3ec056a-72b3-4eb1-9fe9-1991290da97c
7c18b170-da86-4885-95c9-8188ba0eeb67,3c2db81f-5a2c-475c-a75d-c0fdfa25e481
4f5675b0-2c1b-49f9-9cb0-be344cb97a6f,072651af-4668-45c7-9fe4-6cc04a851220
eaabf4f8-376e-4e64-b822-d19c69742d79,c92b5d83-697a-42a8-95a4-4f1e7ae62be1
243a93f8-6bc8-4e4d-8023-fae4031412b3,6986a800-03db-474d-bcd0-52e66700391a
4acb3eb2-67bb-4545-aac8-6ae25f0c616c,2aaf71e1-d70b-4932-a31b-f6c551bd2fce
64ba8b72-70c8-474a-ac2b-937891f6b651,31670153-3804-4579-81af-61fc8bee9e06
cdde7344-0897-4190-b275-d2da89d4c1d3,f0d5e134-ce07-479e-8a42-f5f59bb81ef2
dddeea46-9fe4-4d40-a0b0-fd3fcc59ef3d,e6dbdc27-3874-4886-9358-864c5caaa6d7
50c5759f-65e9-4f49-ba04-e94d15affc9f,5e3feef3-1f77-482c-adfa-d41d9af637e9
75ee54b0-5c05-49eb-8630-7d7f434cbbae,5d5c2e35-e4d8-4da7-a689-6b943f9d5259
d7126cee-d879-4a67-80e8-9ec8614f74b2,48e04c41-654f-4614-a834-905eb5452398
9625269f-d761-47f5-bdd9-3ed00daa85ea,bbe7dbaa-c8b6-4091-89d2-1170f780d487
b5e555b1-1878-45fb-8612-598d745e920d,d46b861e-c6ce-43a0-8446-b1a607a28dcd
c9e63c9b-947e-494c-ae5e-f6704538a980,2e68b8e4-e659-4f97-bd1b-648ca0d48fd4
a3269cf6-b06d-4d5a-a384-ccc14be88a08,5971f010-8be6-4ac4-8673-ee6d17a0623b
fa5c229c-cbd9-477e-98c9-2304b89bc345,bb619189-8177-4d5f-8575-d8965de1ac3d
e8830660-a29f-4833-9970-834689cff546,6aabfbe0-bf47-4b35-89d4-5a1673ff47a0
2f6dcab1-c2d0-4527-9de5-ab0f54f317fb,d78681ac-835b-4079-97bd-9fb7f3bcd103
33a12f0b-00e4-4fb0-b518-1e35567a2f23,76d74847-b8c4-43af-b7d9-5e3c9bf34b69
dfc2c687-f695-410d-b573-7212852ce0f7,2cdcda68-f2eb-438c-be01-768f8255154d
8cc1aaec-fb97-4adf-9ed9-053f92382c79,eb3a9112-0433-484a-ae3b-4a586894b4af
9d3040cb-073b-433e-afd9-9a6ffdbcb3eb,55fb533d-ba0f-4d1d-b7b1-81fc98e21134
2cebd390-78b3-4a49-b1aa-75aeb22b6d87,b19dbf3c-6a15-4fa1-a873-92d94b2afbdb
15aac7e8-fa66-478c-8b6f-0b9360b0a6d4,e76daa79-0e6b-4259-b5b8-2124ec0c15ff
d636c73d-c70f-46a3-8ed0-37855c0495a2,70ea19f3-cf39-41a4-a29d-0de9c6fca42a
d64548d7-dbb7-4e49-b045-23f628b5b03e,1b919170-71a3-47b3-9165-130ce6ae546e
704b047c-b3c0-4f16-920d-eb57e3315ee6,c190fc3b-d798-4513-a9f8-fd2e42d9202b
da52140c-1a51-4fb6-8847-a541373da04c,ac366d77-237f-4676-b75a-7112bce7325b
444094da-9980-4a57-be4d-80ba5eec129c,b4064ead-b1b6-423b-b7f4-8154c5886f50
bf9df09f-1a3f-47b1-bf5d-edc89881f3cb,24a75c73-0027-4029-9c62-1819a157bd69
c090a59e-5af6-4689-aa24-64228aa7cbc8,6ddcdb0d-b57a-40e7-98b1-c6f4622545e0
d3d31218-cc56-4364-936c-0e8a56491c37,a6756b8d-7661-469d-a9ca-dde49fcf29b0
ad735ee6-be84-4a02-a780-fe11af1c908e,30ddc113-83eb-4951-9597-94c065c74cfe
cd55dc7f-ac83-41e6-9ba7-6836e205d45c,ae50cdad-7e30-4de1-92d6-a42e13c817e8
4cc95762-923b-41f7-a4bc-6dc6a97ce73e,71c9874c-7771-4411-b437-d75bf202ebdd
ae37bcb2-9432-4892-8601-8e3756f5fc00,0f0be147-e125-4f9e-b2f2-11321b5fb843
ad17d6ff-56aa-447c-b5de-f8ddf7d90702,7151745c-5800-438b-8e2f-9a123df633f9
9adf9d1a-68b8-46fb-bcf0-8fa49e90ec5f,350c6a62-9194-444a-bad0-5fd10f171f1c
9f6faf4f-551a-4f88-a27e-9f3c9673970d,4284f8ca-df96-4330-a9d0-be583bfb45f5
e5adb325-d83c-4bcd-a349-187ab62b6de4,24d47cd2-5633-474f-b48e-49a446d3caec
1a54129c-e206-4117-a502-fd900b6e3fdf,410d5e04-588a-4141-aa1e-c024ea3ab164
8fb7cb02-d0a5-4f06-8aa1-809feeef8485,739834fd-25b4-4e43-a77d-6cd115a33aeb
8c91f6e0-ccd9-46dc-b014-b4283ec920b5,40f49a30-8cc4-40ce-a526-fbbeeb1eb245
34e0e6a2-2161-4b38-9a4b-903aa50d8670,4dfd4b0c-9795-412d-9167-3016904ee0ca
07b0d833-ba1b-430b-baaa-9cd1d20313bb,0c8e60f6-af0c-408d-b31f-874f6cfefd55
83167e68-2fde-41df-97b5-98abd3757238,2aca5449-059d-4050-a233-ae773be61ad7
b2a38480-59b7-4793-82fd-a7c4cfddb7fb,e913c09c-6ff1-4b84-bcf6-af558b30ed13
53db0b58-decb-413c-b16c-9e1657b7fc76,28ea5f9f-6c1d-4f0f-9acb-e810f3deecfb
a3f609f3-4fce-4229-9984-bdd92de4ff0a,6f6e95e8-ce0b-4107-a0b2-bfa40b9889a2
260c64c4-03d4-4f0a-8a7b-9c0876687bed,b7d83945-fecf-4b4f-b187-8d163eba3ee6
a8febc3c-eb0a-44c1-a041-f0c5560ec959,dfb46293-6cd7-4b1e-abca-595af1f8cb5b
972ca434-0524-4cec-9e32-28f57586f2a1,27299a44-4a07-4f5b-8504-c91d3b83844a
2690cfdc-d7db-4568-ab9a-3a4dbb217a1d,3ac07c8f-d6ac-4eeb-81b1-8bdea33bc4f9
4e71ddd3-71d3-4869-bcbb-f71b67abecc0,e1ac8376-6991-432e-abc4-883c329af9d6
bfe8a239-8e7e-4631-8491-e58029c7183a,b1b7a488-a499-4f71-9b8d-312b5ce58cc9
5342c694-e728-4fc5-8787-27f16f90edc6,a36e0b6d-219f-4a00-89d7-58418855ee42
a6415b26-89a5-468b-ac6b-ec18a94fc43d,7bc64bb2-e451-4af3-87ea-3f0ef98a31ad
cbd6835a-42d1-4086-8593-51101826dbe2,0b2cfd27-15bf-4b41-a8b6-236c210333bf
eb3d2615-0cd1-43a7-8247-6af19786fad6,2a45ae25-4162-4247-a059-d87f00553db3
6a761c19-cc2b-4f0a-a999-8d1bb4b423d5,41bf4c74-c53f-4271-9ac5-9592ac0f9362
630167f5-6998-40b7-8978-5f9c4d1afd22,92d099ad-9e51-451f-8696-8ab2cb6754c2
00ddc9c0-bb17-45ec-8807-84946b57f1ee,1b150722-d385-412e-926d-21e699e151cd
3541d4ef-8cc2-44d0-8b4e-355f0637e461,daa5eaa5-8019-46b7-afd3-d4361a7e4518
4bc3e2a8-6a89-40d0-890e-b120f8792cd7,5ea457c7-0218-4568-9181-39921b83389a
e20428ee-b05d-4b01-8ebd-3c9069f5f4b3,e99796b1-0a7a-42d5-9f46-c41886ff0e82
a8febc3c-eb0a-44c1-a041-f0c5560ec959,ac366d77-237f-4676-b75a-7112bce7325b
16dfa875-03c5-4c41-8ebe-d1983ae826f0,62374cf8-fdd3-4310-9256-01dbc1424e57
addfc2b2-a69f-41e8-a1c2-a62da3332079,6e74b82e-c0c4-4b8f-9cd0-a4eb5042c39f
b76ab614-b5bc-4e7a-a925-383e8530264f,722c9e03-c81f-49c4-9d4b-7097cf013479
3e6d1ac2-5c04-4c74-9dec-3c19ad040800,fe57b0ec-a7a9-45c1-90e5-8b1f27ce2540
369f43e1-0da7-4b90-9254-d60b74bfd862,09f0ce56-79aa-42e9-9819-4372d1851d96
a740194f-debf-4a48-be66-e6a232d73ac6,0de8ae98-4ee4-4ff3-9189-cdc4fb7b496e
8e8c113b-c421-4c69-a119-c99173d73976,77bdc5f7-fcf8-4373-adeb-8d444e1818e1
8eff78b3-3e0a-4162-a018-0062885ef10b,abeb48c4-65cc-43e1-ae2f-a0425b8dbb22
7c53c47c-cd02-4d7a-b8fc-c80d31d38143,3ff16038-8390-4e8d-986a-ebb6feda4040
260c64c4-03d4-4f0a-8a7b-9c0876687bed,03223eca-27ef-4793-9f1e-ffc006f11061
95d2cd8f-0c97-456f-af89-22f717bb5c81,b7120dda-243e-46fc-9738-7f2ae504e29c
535dac8d-5982-4b4e-a396-5b68861091ed,7dca40cf-8aeb-4094-953f-f208cb417db7
cd915098-91c8-48ff-acec-e387d0d39a72,da11e1a8-7ae6-4f95-81b3-ec9c1552114a
c9144ba5-47aa-4f02-99d9-338722c5e248,0f0be147-e125-4f9e-b2f2-11321b5fb843
b3c6175e-4156-4df7-ad10-d3f01ff3a04c,26acb902-7f5a-489e-ae85-615a85ad62cf
95f674d1-9f94-4b9a-bddd-2d8fd15dc203,46905360-1cfe-483c-bde9-4b8af1fe7bc5
2763dda8-6bd9-48d0-9729-4ba8fabae1ad,5b04c4ca-2c00-48be-9b51-a94dcb27a7f9
f191f89e-2929-4e92-bd9b-2babf482302c,b897160b-502a-4534-9ff1-680d16af1f9f
fe81a338-f5ff-45ec-bfdd-fa01d47135b1,c7f74a32-c7d3-44bd-9899-3aab1acef8c4
ba0ae283-0bb8-486f-b39e-36a7be184715,9ba35d1b-7320-4912-82b6-36b7e539b2a8
226b5b4e-b681-43d5-b3ad-b3bf7738e0da,7de546a2-025b-4d66-89f9-fc561bfb10fc
bfe8a239-8e7e-4631-8491-e58029c7183a,7ceaa8e1-e2a4-43a0-abbe-d3bf5dc160c7
5148531a-e730-4e65-bab2-0b5cfba736bb,f423a956-8c5c-49df-8c8a-85ec990dec4a
8c91f6e0-ccd9-46dc-b014-b4283ec920b5,715dbbf6-09c5-4760-8f2a-4d00ba0e903f
54ce2566-776d-4a9e-8dbc-a1aaede638b4,e0a7d798-fcd9-4fed-84f3-431111f12e4e
9dc44614-1321-439f-8eb1-c0fef1444c1b,6bf64f25-935a-4216-8868-05847bbce0be
99af7649-f03e-4411-be33-d191eab55074,2aaaabf2-6b02-49ed-962f-ac2cd366fafe
f9ac1b71-b045-47dc-80a4-b6457859819d,c5dbacd8-5a49-4a67-a647-1614c456f363
f047eaee-871e-42d1-a671-540c0b003017,8476e87c-78b1-4fff-8078-3f7dc061c61a
78ed4cd0-2e2f-4ecc-8320-9bf31ac7e73a,eaae7c52-ddc5-4631-9c2c-54ea8b11344d
66aca888-29f1-4ea8-ad04-c65291e8def5,77c74f15-7521-4283-88e7-ff55219a1d95
09595b8c-4b05-4ffa-8723-036fd4b15ebb,06206630-f940-4233-b85a-70ec21207173
3dc4d46c-1a5d-4313-992a-6a81d4c50f87,dfb46293-6cd7-4b1e-abca-595af1f8cb5b
8c91f6e0-ccd9-46dc-b014-b4283ec920b5,6d432432-58d3-41ea-8710-05e830804130
6915d6ac-3dd2-4d80-8817-be67799d3c52,99ac2e52-2e88-4d39-af1b-be9842c39ca1
282dd9c0-af59-4481-affe-615e1273631d,503f4a3c-4fcd-4dc2-9009-b15ccb4bb8ae
a9d4021d-78a3-4778-8005-1a946a22fde0,a2e5c7c0-1aea-49ba-8398-d8eba3fb0275
afdc7604-249a-4315-a4ca-2d22d1dd84a1,8ae5d354-f533-420d-8fdf-5624dfa13798
5148531a-e730-4e65-bab2-0b5cfba736bb,784817dd-2182-4fd9-9450-c0f394451290
c26dc031-cf59-4153-b1c3-d7e3569bfadf,24ea8805-2d23-483d-bdd2-732b66f71ead
01144069-fef5-4c4f-8f72-7a0a7f10fff1,fc9829d6-342c-4ea1-8ca8-aeb6aeff3ed9
853c6144-0027-4613-a248-c8bdd5f4eeaf,66bf98b2-c771-4e69-a4d9-315c2175b76c
9124ea09-cd29-4ad8-b005-5cf5edf794e6,8167fb18-fa17-4427-9eee-ef2fe4bfca51
d6bdab48-910d-4e82-b449-e5be84d22b41,a91436e5-c13c-4811-bd24-8deacdb59f9f
02a1e7a4-93ed-41a9-8fea-fff4cf233cc4,735baf44-6d83-44c2-b6e3-0914164c0450
6baed000-83b5-490f-afcf-8702888f64c3,49c11969-d7a1-4284-93d2-cc9e0608fcd6
b907f3db-3dce-4165-97e3-16a7ff10f395,70ea19f3-cf39-41a4-a29d-0de9c6fca42a
1ed55094-005f-4a1b-804f-18ad089a4484,f7ccb7db-d635-4c68-ad04-52487444c06d
7594b0f5-b761-47df-875a-af40b15aa7ef,1f130ddf-58ac-45df-9291-302fce40dfe2
eab5c485-e15d-41cb-bddf-3d6c7aeacbf6,4d5e8a72-86e4-44a3-beaf-c3965a6086c1
4d694132-0054-4e2b-8161-95b8af3879ad,bb9e5d3f-3dd9-4af8-981b-36bc05078fa3
cd55dc7f-ac83-41e6-9ba7-6836e205d45c,33c60451-7daf-452b-98b0-0bb7abe3af7c
0e40c880-e834-441a-b91f-02bf6264ec7c,6988f6f3-f877-4c17-b20f-a3449b352348
57d2e84a-35d4-4ad8-9dd3-258ee6dbd311,2f3d083a-b59b-4f16-9fba-89f9292f07bb
b93113ed-4f80-4526-b0ae-2c067574142d,1a3a1d7d-56cf-4cd3-8a40-e8596c1826ac
86f225c8-bc68-472e-a0e5-274c7033ef65,2bb93756-6d90-4606-a278-ba433a723e8e
d04b3835-17bb-4f7d-95a3-af255d2d4072,e77959af-093a-4ebd-888c-3a7f3d28745a
3bdfc9f8-d22a-4c09-b665-664b2babcf37,d15a7a81-7a46-44fa-a8c4-c471cb6868ab
8d424b32-3646-4cb7-a9bc-a362463d3aa1,e871364a-ac97-4f05-8646-493e69b9f2aa
f38d65e3-2b2f-4fa7-a14c-9aa84f608f5f,6483e90d-fef7-4a52-97e2-605917ceb4a4
1bc0dc56-a83c-4780-abfb-e82e457af92a,f8017a0a-dbba-473e-bf8c-4e05f251f7b7
682b585a-d9c2-4d3e-9a00-8206b359b8f2,b1b9a13f-c801-42da-b596-4ee0761affd4
a6415b26-89a5-468b-ac6b-ec18a94fc43d,82eceade-34e4-4bd2-b563-9c1bbd693905
0f78d1a0-a1af-4cae-b8fa-6d1af06e71dc,6f9bde28-ba35-460b-a421-4f1b826bbbbb
682b585a-d9c2-4d3e-9a00-8206b359b8f2,55f9633f-8234-46b5-b94a-5dff8d43d660
dc22dde9-ef45-42cd-a3c4-50aa23db9187,bb388fe5-29b4-4ede-952d-1258f43bf1ff
e50a819e-3248-4349-82df-26680a2ba0a5,fb680335-a4d3-465f-9661-b44c6dc0f4e7
5b71e5e0-951d-4422-9308-48e365fe0782,02f5dfbc-1037-4975-88a3-ed9c2dbf375b
50d22ebf-363c-42e0-9f7d-a8cfb3072a2d,65c07765-0005-47a8-98a9-53400fc79d63
55c915be-c2be-4abd-8e5a-df1efcd5f93c,a03282d8-9f59-41a1-bf60-1ab6593e41e7
d2df0a15-4afe-4417-82ec-11a847d92737,62ca2ce8-01cb-46bb-be30-93b78b4519c8
335e514e-a67b-4165-9238-72f4d21b1e87,e5a4deb1-3dad-4881-8f7e-b34fb5ef16c8
dccb4e5b-01ad-49b5-a9c7-5337544c5853,b52ef264-8d08-49e7-af29-d65720c5ab46
763981df-dcb1-4c6c-8116-33749106416a,a7e0fc3a-2c0d-49b1-b0fd-b393a463c8b0
bcdc7e5d-9426-41ba-8c61-d5fe76204653,58618075-cd22-4827-9fbc-f667ec0f5f19
d883dc4c-f5cc-4fce-9334-2c657daa82f3,585b5961-e30c-4eec-a919-bcfb539f94bd
9f7f4351-07f9-44d6-81e7-90c76f889b58,d1ddbaef-4530-4e21-a62e-3532d441b63f
3da5f42e-d0d2-4e65-8e7a-2f689c2a470b,0de8ae98-4ee4-4ff3-9189-cdc4fb7b496e
5148531a-e730-4e65-bab2-0b5cfba736bb,2ebebc9c-c179-46cc-ba4e-dfd613667242
651aec4d-38a6-4e8c-9c67-19edc51d424d,1a69a885-6db5-4111-bd2e-b8529a923d08
c7c5d789-809b-45da-8973-93bc35255ec8,a7e0fc3a-2c0d-49b1-b0fd-b393a463c8b0
8b0f604f-5e8b-49c1-a2d8-30332a534624,8aaa0fa7-b652-4186-b312-b3b661dfc556
a8febc3c-eb0a-44c1-a041-f0c5560ec959,f9af5e25-1a39-40f2-afa5-12e21603d09a
8c236cd7-29a3-45cc-af62-597f0206f0d3,b7120dda-243e-46fc-9738-7f2ae504e29c
bf96a450-87fb-4f8c-8286-75f4690dbb69,23c1ab0c-1ae4-4457-b2cf-f11b92149e99
5342c694-e728-4fc5-8787-27f16f90edc6,a9809652-43b1-4d22-b323-da63b4a5924b
7edcf5b4-b417-4980-a338-829892797230,08080d18-dbc6-41e1-b42c-f9a44d86faa7
0050570f-cbbf-4e60-a520-c331829a2a08,b19dbf3c-6a15-4fa1-a873-92d94b2afbdb
74e48f32-7004-4b48-9366-59a810b6aade,f06336d2-3454-42f7-b998-636c50e4388c
a6d5ec0f-71a6-4a4e-b1b0-e32d339d7f61,6e74b82e-c0c4-4b8f-9cd0-a4eb5042c39f
853c6144-0027-4613-a248-c8bdd5f4eeaf,20db2818-c3ce-491f-aadb-79b7b978a5d8
353d8a25-041b-4bd8-a5ef-516928500036,0313b1b0-061b-48cf-acc6-618ca4000722
9011d58f-1ef7-4a3e-a2b2-6aad4949536d,b24985ea-1435-4ea8-a5c2-9997fe0d330d
eb8f0080-bf61-4095-ada6-c6bc952f4d07,8ea308d3-22cc-49b8-abc0-26e9f8736e2d
5e044b76-b487-4dc7-a2ac-47a9e437e684,a2e5c7c0-1aea-49ba-8398-d8eba3fb0275
8ed348f4-c9a9-4fbe-9661-3d32da433a8f,7dbc6325-8cd4-4ad2-99ca-fcf66e9c1e53
b4c6843c-c945-4863-97cc-bba7992ff4c8,ad62ad3e-e2a9-4d79-b025-7a22ddb2c4f0
25c8430a-8a9f-477e-8f60-a33aed3f4b88,abe626b3-319c-4901-a9d4-665da5e21ac4
f8140bf6-5527-4675-bd2e-86773f945786,d3e5078b-7ac9-4d5c-a34b-8cd6f6280525
4e774fdd-f652-4436-82f1-69d8e22c3577,38594317-8ba3-4a4d-9b38-2b442846857d
a0427b6c-2eef-4ca6-801d-57be13a5b39d,a43d6bf4-f2ba-49e8-b612-1481fe3c73fd
892f396d-3a58-47a3-9041-8e4fbb59e534,277c9551-9212-4653-b213-9b90ac077a72
ecf333a2-45e3-4285-89f8-dd88e0080143,6b977f96-0f8b-4449-b167-415e4760b286
9e43efbd-a268-4c85-b129-15f4c2d5f21c,bdb230ee-98bd-41e8-bbea-1ef9dd6d3aab
c9cca6c8-042a-472d-b468-1a1a60811ae6,cba7137e-aed8-4d9f-a4aa-197f2e8e425d
baadea94-4d39-4fe6-871e-938f9feaff02,ef67a26d-d9a2-437e-bf3a-dca2c752e46d
346c3ff4-0076-42f2-b348-6c3b4241a037,c4da46d3-457e-49a3-b5ef-f7faac6e7b54
ec21a8bf-4ca7-4c43-a4a8-d2c532de5073,2f3c2a67-eca4-4f91-a155-331138bdd84a
3b8c0027-0b3f-4c3f-baf2-2dfd28896472,efc081b1-98ee-43cd-8201-139603faf3bd
f556758d-04ae-43fb-939e-2478476de2ef,0a69dad6-3849-4ed1-9195-1f4bdd6b46e5
cf602a35-bb9a-4325-b0df-f4d9d538ceec,0269e71d-b0af-40ca-9ed4-2c31c491fc61
27e28ea4-605d-4105-8ab9-877b679d890d,f06336d2-3454-42f7-b998-636c50e4388c
26a4d1a3-2f4f-4a55-9ac2-f2d9c883a67a,429c068e-7f79-4091-aa39-0dc61d2d3c13
0a657f54-2b4c-446b-ab13-7dd0fdb8fec4,d3e5078b-7ac9-4d5c-a34b-8cd6f6280525
cec15651-f9ce-4059-ac95-9772897523d5,f55a4012-491b-41d8-bc14-a6ed348106a9
f1a280ce-9ade-4de2-9a60-3692ee9e8fbd,70415dfc-c791-476c-bdca-f532f7d38d07
e2b6c2fa-dd02-42a7-9eac-4e44e8f11bcd,ce577f1f-5c6b-4728-84bb-e6b750a108a6
34d66070-f034-4741-ab16-e6130216bd92,7151745c-5800-438b-8e2f-9a123df633f9
eb8f0080-bf61-4095-ada6-c6bc952f4d07,f38b3dbe-905c-4942-b695-0ee02f9badbf
1276ef28-26f0-497d-ae94-4a5396806d4d,43f0ad5a-1e99-4133-b236-04ff2d0fd029
dffc7fe3-5371-483b-bafc-575d6046e539,ce577f1f-5c6b-4728-84bb-e6b750a108a6
0516eca2-86cf-49e6-aa9d-9d4e9a24561b,24ea8805-2d23-483d-bdd2-732b66f71ead
c002df1a-f721-4773-b1f9-478e5a16558c,0e54a089-4b2b-428e-aa0d-17ba94c34a33
3bdbcd7a-d298-48fb-a6b2-0bfe321533f3,3cfb7bf0-03c6-4d62-9133-8c0f03c3dac3
ec21a8bf-4ca7-4c43-a4a8-d2c532de5073,24ea8805-2d23-483d-bdd2-732b66f71ead
89e676f0-72ca-4094-9c59-da05730e7a3d,a7c93d3b-13af-4eab-a5ba-59795e3f9afb
8d710183-ddd5-4a95-83ba-3f538afa98b0,03223eca-27ef-4793-9f1e-ffc006f11061
cdde7344-0897-4190-b275-d2da89d4c1d3,6184eb9f-3728-4017-a827-e6621c1009dd
e1d60a7f-1f12-463a-b4d6-286dd20f43e3,cac579fc-4650-4c30-a3ec-c13cd5878688
7928c45d-f908-4564-a79a-8a1a2da9e7cf,7a553f30-fa0f-4539-a3a5-36661643abf6
a5ec4c56-846f-4683-9da3-863f1325ad7c,4806ecf2-b440-4e40-9082-a99aa66c947e
3401c93f-6898-4088-93c5-40bd71d81210,a8cc25fc-e515-43bc-8cd4-e5168370ef61
630167f5-6998-40b7-8978-5f9c4d1afd22,b1b7a488-a499-4f71-9b8d-312b5ce58cc9
c002df1a-f721-4773-b1f9-478e5a16558c,48e7eb8d-0573-45ac-9eaa-16ad0b9226dc
dbef817f-7449-4af9-93e4-0dc96a014bd0,5128e544-d859-429c-9f36-13e3ebc2898e
a342c45e-ccb1-41d6-a99a-18731a11e14a,f308ab60-22c8-4092-a8ce-0846bbe8c2f5
eb214a9a-9c62-4bd5-b583-ae1275022d67,ccf443e8-d68e-4fea-87ab-ae39c31ef91f
853c6144-0027-4613-a248-c8bdd5f4eeaf,b586ac25-3559-4242-bf07-0c9986d2f555
a3ca9298-1b8f-4f9d-ba82-f04737ff9519,30c31973-c46b-4958-9089-4d38b9dd2f7d
7dff2168-83fe-4f2e-9f2f-47a2a1fc9d29,c6a3d6a4-f1e4-4632-8fb8-2703fc716a65
89a6f7ed-992b-4820-95b9-0ce808cc67d7,fc19c27a-5dce-49e3-9542-bbf1361a9450
57211b21-1874-4252-b9d7-bd8343774781,4a428079-7166-4a23-86dd-a0ca73e33b51
a53ad2b0-ff97-48e3-9389-19cef3f3dd45,c7310a85-34ff-4710-a68d-adf4bfcc6ea8
e5a17b5e-79f5-46b9-a41b-bbbdc1485744,3f777657-7b7a-4c3b-b817-0bd1c930d337
4a72089e-35d5-4b4d-87ff-8226e72c9c71,ab8b3fd9-3ec6-4f32-a7c8-9e5265f2e277
5f126422-17fe-4a76-ad58-5303ded43383,4e2d3949-1c96-417d-bec3-ae798754565c
ca5ddf68-7dd2-40a0-980a-dcc6344bab05,335a175c-a565-44c6-ae02-f2c6ca298a1f
4c9f8f84-3b60-47dd-8ec9-3f83e68f73a0,46e3cb53-4c70-4ecf-ba82-3d684b35af82
f9ac1b71-b045-47dc-80a4-b6457859819d,c18acaea-0dcb-40fe-9104-93ff27fa2181
0516eca2-86cf-49e6-aa9d-9d4e9a24561b,ea8551b6-3a61-495d-8513-16e20a927790
682b585a-d9c2-4d3e-9a00-8206b359b8f2,9af787ea-9a5c-46fd-873e-4ae658cbc5d3
a342c45e-ccb1-41d6-a99a-18731a11e14a,511ced22-f2fc-430c-97c1-5d68edd389a7
4f2318ad-1405-48b6-9543-f5c06769fac4,494e49b0-6ffc-42a2-8111-e1cf68b80378
05787cbf-490b-4390-9e34-525f9d57392b,1a3a1d7d-56cf-4cd3-8a40-e8596c1826ac
892f396d-3a58-47a3-9041-8e4fbb59e534,bafe5087-5276-440f-9f7e-1c25cddf86bf
afd06244-0657-4a58-bc5b-8e18233285c1,a03282d8-9f59-41a1-bf60-1ab6593e41e7
908d2397-63b5-4edb-b65a-a1895d2d3afe,e6732b97-9ba6-4c30-b18d-bc20d6f26756
c725b4da-ce96-4880-9ce6-7894ce910ce0,8629f361-8ee8-4e14-99d5-568779b73db6
5a0d2dff-c453-46d8-8399-9c889cee8b7a,df9d111a-10a7-4daf-b852-fb661813d719
56e9dad1-8bf1-4320-a521-0f7f5fc644a2,5f7f99e6-40ba-43de-9e3f-fc8bb895e976
4e91e175-3080-429f-ae9d-eced21f51706,5475827b-1a74-43bb-86ac-011359fcc249
5f126422-17fe-4a76-ad58-5303ded43383,d81da40f-4e5c-4150-89e8-316b4a4fbb21
9bde995d-dd43-47fb-b537-51640cf140ae,a104cacc-a60f-4b9f-9269-083db85382d3
6ee16ce3-ba76-4ab9-8851-1791f34eed06,14715090-850d-4e0c-b6dd-8e5cbb8e0803
9813ba98-1e93-4340-9d23-f64f3af790d2,8a3cfbd7-ffbb-42a6-ba36-536bea4635e5
5b8ba481-776b-4eb6-8edd-c3ad0511c294,c832b318-1de7-4daf-9c83-491702dac550
0b7746f7-3ea0-4b5b-adbe-ca306bbd8eee,c92b5d83-697a-42a8-95a4-4f1e7ae62be1
b5503228-eace-4e2b-8345-42eb78031ec2,cca9ac5f-3471-4e3a-8687-15fc09bed8b9
a9c6f1ec-a7cb-4af5-b1e5-946d33303541,5d5a197a-99d0-4d54-bbe8-98e49faf79e1
2f0d2d4c-175c-4a0c-8813-18c8b2e26505,0997b216-f9da-43f0-9b3b-f68769118daf
f7f4bbc1-a9ab-49e1-b6c4-6ec228869b83,38594317-8ba3-4a4d-9b38-2b442846857d
8802ae13-f5db-46a1-b71c-8104fcc82014,02601103-5239-4eb4-864b-b812b8ed582c
1cdd0565-5812-4d43-8860-7710e0b377e1,1783b365-007b-4bb7-8164-597ec5dacf95
5d495a5a-a5d6-420d-ac4f-ff9788a42724,9782c86b-6e8b-4f13-a250-bbd3577dab3c
4738a893-f49a-4f08-8ca0-3fe8fbb925f6,45736c37-4f39-4970-b16a-192d6f4c0e93
c24c2606-0972-4416-af22-a4cc317b07fd,590a6ee5-69e2-43e7-9b33-7ef2ed42813c
2887a1ec-309d-418d-a973-4fb81c324ba5,afda4334-3906-4007-a56c-4005bf8ef39f
e713376c-65c1-43c6-935f-b4936169f767,e23a6288-d8b5-41e0-b0e9-e80a39ae7112
5b8ba481-776b-4eb6-8edd-c3ad0511c294,a7e0fc3a-2c0d-49b1-b0fd-b393a463c8b0
df7d958c-87f5-4c61-9e0e-0ca9bbfd567e,31632097-9fd7-4aeb-88a4-398481078d0a
cfbaea7d-a379-4472-b1ec-106759669e74,0068be70-9dca-4a02-9bd9-dcf0251fd94a
47999393-b250-4e4c-8588-b5ab3a3436f3,af6204d4-da85-4a4f-bbe8-51c15b83d7a5
6e9d66ac-2cf9-4961-a11f-900b12021255,d64b3861-8063-41fd-a67b-4e41f909df99
fe1fe387-1c75-440a-9dc4-bd84be025eb2,735baf44-6d83-44c2-b6e3-0914164c0450
e8dfb2a9-cb54-4d78-bbe1-0c316368c1c8,cd958343-e80f-46d9-81e1-14a56801cb0b
385b2a3b-729c-4692-b472-6425a77bbea0,6d432432-58d3-41ea-8710-05e830804130
cc2e0a82-27bf-4e38-b036-dea8a371e1f5,02e2c9fe-036b-4a33-8806-c014837ec653
c81889ff-5bc5-40dc-b047-d72625d407a2,cb47284c-76de-4956-83fc-7ca7aacac3eb
76770478-762a-45bb-80ab-17c5df7bc903,d15a7a81-7a46-44fa-a8c4-c471cb6868ab
ebf1bce2-c5fd-4a6e-a086-4d0e4c934ec1,4e026910-4581-4155-8348-8c0be18c4175
07dcbce6-e9fa-40ce-a5ae-5da2aff869ef,c503988a-2933-4a69-b40b-2b28002a5d3a
83b1f105-b3cb-4557-a99a-9495a7a45615,46a0c5a0-b36c-46af-952a-d020dbf045a7
a0c4dd7d-486d-4ea9-9eca-7ed98db53f69,74ad45b1-d572-4fe4-9157-be85aa2190cb
54a005dd-b14a-4f1a-b2cd-a077c896e63c,889626a1-d2c8-4b90-b445-c24cedab28cc
729e74c3-2ce6-445b-92f2-fac4e2db47e3,8efdd216-f0fd-417e-8c05-a1caed9eea08
32591d31-254e-4c74-990d-ef799e9a5a03,3cfb7bf0-03c6-4d62-9133-8c0f03c3dac3
e05a9fb0-d499-432a-b221-4e59bbbd3705,c4da46d3-457e-49a3-b5ef-f7faac6e7b54
44bf4c10-1059-4de7-8a9b-d098178d978b,f0fba419-9cb5-4a26-bae6-c75fc35a8577
ad75e38b-7a8b-4c08-86f0-aac17b57b969,92fd43bf-3e8e-4fb4-8902-528335293297
6fe1babb-ca53-4eeb-9831-a4fe98432b38,972feacf-fc7b-4bfe-83d8-1326e7680f27
b2a38480-59b7-4793-82fd-a7c4cfddb7fb,f77acbcf-2c53-48bf-8128-26f9fc8be794
9e43efbd-a268-4c85-b129-15f4c2d5f21c,dfb46293-6cd7-4b1e-abca-595af1f8cb5b
972ca434-0524-4cec-9e32-28f57586f2a1,74f0fc79-b7ab-40d1-b65c-d4b4fd49f57a
0dfc1a0f-7b7b-4f1d-a555-70c279e9a207,acd91647-ae43-4844-8a42-9eb7f250f553
e76d7722-2641-496a-a48b-3bc1942f9ab0,a34b497a-0953-4a67-b02e-ab0963d5356f
11a49389-4861-4186-b37e-466f5dce91f7,6e409fd7-ee01-49e1-bec6-5b166db93914
e26cc520-2da8-4a54-9259-8a2390b37b2f,70979932-2563-4684-ad2c-cde0063cf143
16d8bdb8-9d4b-49fe-8e9c-976f43f6c4d9,def195bd-1028-4e66-a26a-85df41b494a2
1aa20f74-5c68-457a-bb4b-ed02e184854f,9e79bf08-fda4-4851-9930-e37c106f511d
0b29acfe-e99c-4c52-b113-b703ab2ae795,0500e051-2c41-4400-8999-35c0dee55e2c
7ee58aff-09b5-4cdb-a8b2-9f28c40c68f7,3766be45-ee95-4853-8444-c2bf5a7ba6ee
c54997e9-b4da-4514-b292-f62a382ecc10,8138fe12-c00c-4dc2-9d11-c9973237dfa3
bb797a72-a5cc-4396-ad28-6b46c4746c62,9d09da6d-6c7a-4395-8d2a-7d447f832a3d
be26a2a7-df6d-4a00-9330-33b103b4f4c5,6986a800-03db-474d-bcd0-52e66700391a
5f45dcec-b50a-43de-b2a1-3c9b1f9616e1,e1ef4817-5b61-4042-ae49-b6a6c5cf0eb2
44df330c-9602-4777-b11c-bc8862960c47,8fb6c780-37f4-480c-81e7-f31db048a2a1
842873a8-877f-4e38-a182-321de385329f,5b9f118f-5354-404c-8793-d4fd16327a15
7d603552-5276-4fe2-a651-7a9bf1bb5a8d,988b360a-fe46-4719-bc82-43a57ab1e878
4dde7613-8daa-4bea-8b00-feef5c7b60a7,5abc2c1e-e91c-4beb-9d4e-2e592bfa4854
65ee7250-d684-4d76-8568-b9f48a22d60d,ce577f1f-5c6b-4728-84bb-e6b750a108a6
0a657f54-2b4c-446b-ab13-7dd0fdb8fec4,2d3d918c-976a-47ea-bac9-248e85735950
6553d598-114f-425c-a51e-db03f8383ba8,e073f213-7080-4de4-9d37-99030ca8d27b
10d327bd-6e21-4548-a3f3-1c433e519072,8532054f-07ce-4ecf-9887-60aa9dfffc09
330ee466-15e5-46cf-8c94-493fbd28acf9,e8256f9d-e0e4-4596-83e6-c6ba8ce05ef7
11ac7b4e-f06b-4be6-ace7-a68a5d1304c4,cba7137e-aed8-4d9f-a4aa-197f2e8e425d
ecf333a2-45e3-4285-89f8-dd88e0080143,b1ff6c11-ddb5-41a0-a865-5d8fbceb6103
9641b103-05d9-4dda-a45f-4ff3139092d8,39e5d7dd-c500-4c9a-a69d-fca1dc16749c
35c60fe1-acc9-443d-b159-7cec01b83b2f,8ae5d354-f533-420d-8fdf-5624dfa13798
9bde995d-dd43-47fb-b537-51640cf140ae,6897162a-a817-47e5-837c-a16362deff99
56e9dad1-8bf1-4320-a521-0f7f5fc644a2,c2a09f32-258b-4f07-89d8-9e4cf6ee225c
835c02d6-2a4a-4899-bb4c-ad20a4145200,ce5b89b6-b5d6-4a63-9ae7-97ec250ba380
bdf5d9ed-1f37-4a43-9d37-de1b6472870c,e99796b1-0a7a-42d5-9f46-c41886ff0e82
4c9f8f84-3b60-47dd-8ec9-3f83e68f73a0,c7609009-b0b8-4142-8ede-6559d26585d7
76ba2522-0f4a-4e7e-9dd2-78bedbe14195,ba55d936-bf4c-4529-b95b-7bc4860cec66
8d424b32-3646-4cb7-a9bc-a362463d3aa1,7151745c-5800-438b-8e2f-9a123df633f9
bb797a72-a5cc-4396-ad28-6b46c4746c62,71d2b4cb-4046-44db-a98d-cea11496a2ee
9bde995d-dd43-47fb-b537-51640cf140ae,8b275b1d-1b6f-409e-a259-c9f4243edb89
f7d9dc0f-ba77-4df8-8521-e2e0e20a6f93,61610007-c1cb-41cf-b4c1-bb0e2d06ad4a
d1fba380-31a1-4bfd-aa0b-c78e7f4586a2,2a948a7c-05e6-4a64-925b-65271b35a3a6
af5ad3d2-845f-4cc5-8d5f-6565a706c13a,95350e11-26f8-48b4-939a-0c4c6b274254
1c48c311-0787-4a37-8719-b42c1f341db0,b4cc00ea-bfeb-4a35-bb40-362125fcbe7b
9d3040cb-073b-433e-afd9-9a6ffdbcb3eb,8cf8e346-c588-4fc6-bd21-0a972303b7de
b2a38480-59b7-4793-82fd-a7c4cfddb7fb,f92d3392-d367-43bb-99bf-c739ff3d800b
80c80267-2799-4eaf-a983-bd7989969c41,12675b18-ff8e-40d3-9106-b7c9f3bcbdef
6c70e597-2c49-4342-ada8-75d572abf714,a54abd9d-ddf0-4444-8428-db81eb222ccb
2cc9669d-7f9e-4703-b7b1-b1d772d11955,314e27e7-4427-40c1-8669-725a3aaebe91
04e2bac9-ee20-4301-a278-482528c1ab31,dac2e781-1f5a-42e2-a31d-276fb7b0239d
ee7007d1-4d6a-4e9c-a164-86081002c0d3,4f4e9146-d858-4b65-a247-47a7a721ed6c
cc448915-623d-48c7-91e2-503a4914f07f,c97e17f2-2439-4518-8b1c-2f7b95bbae95
cd2aa865-edba-4285-805c-86c23c7bbcc7,6988f6f3-f877-4c17-b20f-a3449b352348
57615edb-843b-41e7-a677-e420e8ad9051,dea15e54-6bbd-4565-8133-ab26dac89a0d
07dcbce6-e9fa-40ce-a5ae-5da2aff869ef,af6c2a85-57d2-4121-9128-0c5771788da2
8bb4a489-efec-4ac9-8498-dff7c29b8d3a,f375d42b-85c1-46a4-8f20-d9a65d0d88cf
fc2d4a57-da54-4dfe-b86b-519405ec8af5,a6ea0df0-55d4-4c46-b499-7eaa41eec38f
0e7d8be9-9705-4cea-b1e2-c590186c01cf,1783b365-007b-4bb7-8164-597ec5dacf95
3da5f42e-d0d2-4e65-8e7a-2f689c2a470b,fd455fdd-c83c-478b-8eec-a567b8d5ef16
7d59dafb-d0db-4f0c-967a-867a2467e62e,5ebf2098-1eb4-4b09-974e-9b640463f264
243a93f8-6bc8-4e4d-8023-fae4031412b3,69f191e9-9818-4843-ae09-c2e284e5254f
71e6f1ca-aaf8-4476-9254-297aff48d83d,bbe7dbaa-c8b6-4091-89d2-1170f780d487
2f0d2d4c-175c-4a0c-8813-18c8b2e26505,6cca7f3d-dfd1-4842-831b-7a8748669170
e22e57a7-50af-41f7-a1bc-a65863e4e90c,24a75c73-0027-4029-9c62-1819a157bd69
ce7ceecf-524f-4e2c-b19d-3fb051e68e44,45d34968-df0f-4275-8662-37cb83d40d6b
aa0da83a-f3b5-48d1-aaf1-701d18595050,f3ce8311-c117-440d-ae3f-b16e0b2b6a16
a740194f-debf-4a48-be66-e6a232d73ac6,ea8551b6-3a61-495d-8513-16e20a927790
216f75b2-fda0-44e7-a9df-5e0685a3cdb1,6b1a5ad6-8e47-454b-aa89-e9958c336347
bf698199-cd1f-4851-8dcf-8bec256a6876,6d0b3592-1770-4d81-96ce-fa4c99c3ce40
aeae96ff-a078-427b-89b4-afc61500d71a,fb680335-a4d3-465f-9661-b44c6dc0f4e7
1cd86ac7-6769-4f16-99cf-1b0929efa5bf,8d41e51d-50cb-4565-8510-9a827b43633b
c9febd1c-80a1-4e14-ae4c-04365d82ef4b,d49499d5-946a-4180-a022-a82697ef6fa7
cf602a35-bb9a-4325-b0df-f4d9d538ceec,620c9cec-8fd3-4e63-9f5b-2314da0093db
18d01670-d288-406b-9cc8-0cec12db1c89,dff28afc-9361-4d81-b41a-b1407dc1fabd
09595b8c-4b05-4ffa-8723-036fd4b15ebb,136b41d3-0d9e-4591-aa2f-2659aaca2a39
0dc7a0f3-7e8e-46a1-a9ff-19476e484712,99e79160-ebd0-4d32-97ec-73ab03d545aa
db3475c8-472a-4438-a8d6-b4760b17b309,94cf62a2-44d5-4484-9c3e-63e8717d1126
774d9522-fbe8-4a23-ac94-37624c91c803,70e73a66-d03f-44f7-a5c9-621a5df5af66
d5141159-5695-453b-b709-47700deac81e,a6ea0df0-55d4-4c46-b499-7eaa41eec38f
6aac1b37-94c7-4f5e-857d-ce1765a4dce6,95f8fe2a-0ee3-451c-b116-945f6a204df7
0b7746f7-3ea0-4b5b-adbe-ca306bbd8eee,e5a4deb1-3dad-4881-8f7e-b34fb5ef16c8
2565f58f-64b2-46fc-bff7-e6ea9faee9c9,62e05404-86a1-40f8-b887-d555ad83ba1b
cf602a35-bb9a-4325-b0df-f4d9d538ceec,a54abd9d-ddf0-4444-8428-db81eb222ccb
b15fb540-d100-441f-9eb6-cddce83fb057,728c962a-1937-4f99-8001-901111e69142
9813ba98-1e93-4340-9d23-f64f3af790d2,55f9633f-8234-46b5-b94a-5dff8d43d660
7e797c4f-5d60-4e2a-9a6b-356df8565c6a,bda53c44-c7ff-4428-b5e1-0b7e934a4f5c
744a92c7-d169-4d3f-acd5-180ed3211d2e,27f141a6-092e-4330-b37f-048134330522
fbc9407e-6d4a-47ce-bb52-5a25203b3baf,a6e2dcb1-bdaa-4b22-ab64-a1c074075657
95d2cd8f-0c97-456f-af89-22f717bb5c81,92dcb6ce-3fe6-43b1-9cae-621a13105abf
357f8b01-9ed2-42e9-a292-55a3a4e59bbe,d64b3861-8063-41fd-a67b-4e41f909df99
02aea64e-db62-40eb-8a11-bfb96ec8dd98,0281ca26-6928-4fc8-a0f5-9c32f6ec9754
6baed000-83b5-490f-afcf-8702888f64c3,754338f2-4e13-48d9-b6dc-4b4771a2025c
c2f7b485-9727-4547-a14f-ab967fd1beb2,d171d922-f346-4988-9f9b-3b385499ba94
0283dc38-da0a-4807-8f1b-704a3e1e3651,aea954b3-3548-4b30-ab27-32e5c3f4cdf4
7e797c4f-5d60-4e2a-9a6b-356df8565c6a,5d5a197a-99d0-4d54-bbe8-98e49faf79e1
4c9f8f84-3b60-47dd-8ec9-3f83e68f73a0,9743f0f1-5e7b-406c-bf31-b9ef5edda5b3
b91cdc34-d027-4c35-8233-b8791a5a57e1,6cd66598-13f6-4a28-8f1b-89f3b7d30bad
a5fecfd7-dc71-414d-bbaa-37723e8d3dff,6d7bc655-b92e-4a9d-a15a-261b4c15d60b
0bcf505e-c679-4861-8622-0098b483f6c8,4dfd4b0c-9795-412d-9167-3016904ee0ca
4e71ddd3-71d3-4869-bcbb-f71b67abecc0,20ad250b-d8b1-4401-ac26-a23ddbe481e7
23858328-cc08-40f7-b46c-359fb138bb74,0f0be147-e125-4f9e-b2f2-11321b5fb843
5f45dcec-b50a-43de-b2a1-3c9b1f9616e1,a95e389a-dea0-45ad-b6e1-d9c4a7e548ed
8961aaa5-bdfa-4bb5-81ac-d9ebe729d856,314e27e7-4427-40c1-8669-725a3aaebe91
b8caf9ba-17b6-45a9-ab17-f9be3fc897b5,d9a9e919-6b54-4f99-8af5-f790205c36d0
c28eaa96-d614-426e-bc11-6463940cf3cc,a676f0e9-b8c5-4856-9194-7827f5645d58
393efc76-275f-4412-932e-4a0c6c0081d9,b19dbf3c-6a15-4fa1-a873-92d94b2afbdb
4973bb40-1675-40ca-a3af-d0ca0c57bc6b,6d0b3592-1770-4d81-96ce-fa4c99c3ce40
f371a112-6bef-4c8f-9443-8691beeb32a0,27f2edc6-ce72-4b2f-970f-a72dac8fee43
25c8430a-8a9f-477e-8f60-a33aed3f4b88,37124ae6-1176-4fd0-b146-cd6a3869842d
1940c505-4af9-4a66-bb41-ac63b6790127,0b2cfd27-15bf-4b41-a8b6-236c210333bf
9e88fbcb-d47b-4937-99ec-bdc19213bae1,022ef501-e57e-476e-8a87-f4660d141117
e2431178-03e3-4d75-b2e5-8c3c910e326f,dfb46293-6cd7-4b1e-abca-595af1f8cb5b
e7709ae3-6a4d-4e44-988b-18a69d3e44d7,65575fe5-272b-480a-ba12-f4c38ae0b944
972ca434-0524-4cec-9e32-28f57586f2a1,25a07dc5-775b-4499-8574-a3e4e9b9fca9
f9f1228a-ed27-448f-919c-6ab08ce2b470,e4053440-cd5a-4560-a59e-29c136c9b775
5561e90c-d599-4e4d-bb6e-65479287de37,5ea457c7-0218-4568-9181-39921b83389a
75c3e5ab-beae-45f7-be11-16e714d412f0,bbe7dbaa-c8b6-4091-89d2-1170f780d487
51cf89b2-58fa-4005-8603-dde97e7744e6,8f3f6411-ac68-4c56-bda1-f0ecdc3621ed
199b44fc-9a02-4123-93ce-5e564da3e16e,8097064b-e61d-4076-8654-dda9016532f4
f15eb923-2520-4e6f-9e18-d16e1a4df20d,b435f288-8747-47be-9095-f87448b4cf72
9e88fbcb-d47b-4937-99ec-bdc19213bae1,d5a2a5f9-8f18-4fda-b6c4-87684658c07f
77a64079-d134-432e-bb64-9b85f2ea90b0,a676f0e9-b8c5-4856-9194-7827f5645d58
d2df0a15-4afe-4417-82ec-11a847d92737,4aee54fd-c674-431b-a59d-6859fd3ed7cd
c24c2606-0972-4416-af22-a4cc317b07fd,6c263102-54be-4e27-8e83-c093d42a53b0
5f67c024-b70f-49e4-a7b1-1681639315b4,cbbd0e85-ccfd-4cd7-8169-82d759245585
3ef50816-e1da-4883-ad66-196617561508,d47bb5db-b8f9-4073-b292-34c0b3a276ec
cbff8bb8-4dae-4d81-b11b-64b047f05e4a,f8b06aed-0ba3-4aec-aef6-1c7d9ed3a885
183e6b6f-c31a-42bc-960f-59304d22cb6c,e4053440-cd5a-4560-a59e-29c136c9b775
54d114f4-d0a3-4935-8b52-45354f49aba4,c2e4581a-6e0f-4cea-a108-17adc5321360
d64548d7-dbb7-4e49-b045-23f628b5b03e,4fadb73e-ce55-483f-9887-dfd99877aefa
5f371ba1-d5c4-4838-98a2-7b20478f0f99,c719f237-a02e-41e3-a524-3e7e3d1da9bf
23aae2ac-5f87-47e0-934f-4ec7acff1d79,b77a46a9-8e09-403d-a682-a135e02e8ce7
e72ba46e-a7fb-416f-9f54-a057f6847cf6,05011722-23ca-4ac2-93b0-4bef5cb49340
f4ed5280-5121-46fd-90b9-c72d3a6fdf90,072651af-4668-45c7-9fe4-6cc04a851220
8f9b99a4-bd9e-4677-895a-420ce788c5ed,a18a3e5e-0177-49ab-95e3-da825ead7996
2652fcf6-277b-4f00-bc21-62ba9cc028d3,27df01cc-9ac4-4e9e-a86c-f62fee1e68dd
70ae14ed-4dbf-42ef-9d55-79ab176c0a93,1d7793ce-978a-455c-8c81-7c6e9f100f57
bf74e4ab-1f3d-4a33-ad32-e892491a954f,666f8288-a070-44a0-9d5e-3e23277bf915
e9ec68ab-c0ea-4b84-b924-8960fcbc8e3e,98cd2249-e848-4545-8644-5aa596169954
9c153dcf-050b-4a74-a260-cc361ad680a0,8138fe12-c00c-4dc2-9d11-c9973237dfa3
6fe1babb-ca53-4eeb-9831-a4fe98432b38,f474454c-205b-400e-b1be-63eca68263e7
1143e599-6323-4371-bfaa-17801db8a293,cbbd0e85-ccfd-4cd7-8169-82d759245585
616d49b9-c3e3-49c6-b19d-b95e963c6907,f55a4012-491b-41d8-bc14-a6ed348106a9
91bfa002-3f9b-49fc-936e-7a21b69af156,e4f22b2e-1c45-4ced-a637-ff58d08e1fc5
7987e303-206e-4757-985d-85fdf159b3c4,84011506-9f1b-463d-8afd-3776e4742113
e4bba54e-ce75-480a-81b2-273a498124cf,94640296-e856-48aa-a746-6d42637385dc
0c954c4f-1b92-469a-ad34-e84a80519d80,627a9214-0a0a-4dc4-a266-511a51a50d15
1d3e1042-6681-45f5-95b5-8418e62e84f1,3f80dc9d-8727-409f-a23f-96ce939e22f9
625cd678-b77d-442f-8a49-08814f1b56ee,fee88c47-3a18-4ed6-8231-6a31e74c8050
61178362-d522-470f-ab31-d5cf229d9f62,b1b9a13f-c801-42da-b596-4ee0761affd4
81f556fb-c0cf-41cb-840d-bf4e92e7553a,abefb83e-4094-4e07-9ee3-bc36b2fa34c9
385b2a3b-729c-4692-b472-6425a77bbea0,a67f5a67-003a-4ee5-a316-d647e3d629f6
71bf144b-edd9-447f-85c2-2cbcc0526b9c,18879a02-9366-4d5b-8b1e-a91c937892c6
d4c7c342-b3e3-4134-9112-dea7ebe22133,bcaaa417-2342-442d-ae95-8fbb945ebf11
30c71301-2f4d-4b61-8920-215d4a62da8d,61610007-c1cb-41cf-b4c1-bb0e2d06ad4a
8f9b99a4-bd9e-4677-895a-420ce788c5ed,9e0c6a2f-e412-42ac-afa7-05f3760e2c76
f64919dc-30be-4e15-8f50-a9ec361ecaca,def195bd-1028-4e66-a26a-85df41b494a2
f4f3f12c-02f8-457d-966d-6ee8b886083a,fa29767e-4ac5-4c2e-ba96-5e353e229659
a0427b6c-2eef-4ca6-801d-57be13a5b39d,889626a1-d2c8-4b90-b445-c24cedab28cc
b1b72856-d55d-43d2-a4ca-73e2d7f33833,74ad45b1-d572-4fe4-9157-be85aa2190cb
5e044b76-b487-4dc7-a2ac-47a9e437e684,c7f74a32-c7d3-44bd-9899-3aab1acef8c4
0501ca39-521e-4335-a070-f9e64e2d3fd9,bbf5b5a0-79e0-4b7d-ad27-b8139fbe880b
11e182fd-c4d5-4ea4-b695-f4f538a0266f,3b0ada4e-1a08-48db-b684-903b1e1fa76e
f369b45c-a966-42d0-bc48-d1446aeac0a9,2c050edc-dfd8-4edf-bd25-8eee26f93f86
089a0cc7-6c59-43ce-874b-ed3a9d54a005,e5f6a6f9-5070-4849-8cec-986ac19d6105
0d7d2801-0c0f-4684-acf8-1ba5a3277343,2a45ae25-4162-4247-a059-d87f00553db3
2fcd1bef-3792-4192-828b-886e661aba47,2ebebc9c-c179-46cc-ba4e-dfd613667242
89e676f0-72ca-4094-9c59-da05730e7a3d,a9468566-ce7c-4e4a-aa8e-c494c68f8062
a574717d-005d-49fd-af42-560e4780e192,8b275b1d-1b6f-409e-a259-c9f4243edb89
d706ddb8-07bd-4fac-9b79-45551e8ea57d,26acb902-7f5a-489e-ae85-615a85ad62cf
c9144ba5-47aa-4f02-99d9-338722c5e248,82933740-1a65-4738-90f7-2a6d748360e9
6a6d53ba-a16f-4465-b434-a197983066eb,8097064b-e61d-4076-8654-dda9016532f4
e5adb325-d83c-4bcd-a349-187ab62b6de4,22da4e61-957c-43ed-82f2-b21660bff17e
d3d31218-cc56-4364-936c-0e8a56491c37,96bcf887-e85f-443d-b397-0184499a98e6
34f108cc-8829-4c4b-807f-810598b224df,8936988f-9c68-41ac-94ac-0337f4bbd6e0
02aea64e-db62-40eb-8a11-bfb96ec8dd98,a4bd6d22-dc07-479c-9ad5-ac774f04c8bf
8eff78b3-3e0a-4162-a018-0062885ef10b,089675ab-c412-45dd-99f3-2865b5ebd6ab
b35ea01a-6d36-4970-b98f-b1d3f91931b6,31670153-3804-4579-81af-61fc8bee9e06
2ff3da00-844f-4e62-8358-c2e1a3d49ae8,d35d930c-315c-4a1a-94a9-be83864626e5
f4c21514-b602-47bc-9ce3-c1642918b428,f0926faa-c1cf-47b0-91de-05996cb79dd2
565005d5-651b-4a3d-901e-7bdaf6664452,e99796b1-0a7a-42d5-9f46-c41886ff0e82
e72ba46e-a7fb-416f-9f54-a057f6847cf6,1b89e83b-7bc2-4a12-bd7f-574776ff02fa
b4c6843c-c945-4863-97cc-bba7992ff4c8,728c962a-1937-4f99-8001-901111e69142
dffc7fe3-5371-483b-bafc-575d6046e539,0d074f1b-46ab-4138-9220-b36f4108ecba
94c9af6d-fb8a-4520-8b03-469f29421dfc,32e1c676-97a8-414b-8ddb-cce7d1d5aa67
204d0867-e00f-4722-a9cd-058db039885f,585f78a4-d690-4596-9feb-e10078e7fbfa
e9353703-c159-463d-9dc0-b7512184df3b,ceb09fc3-e1fd-464d-a2d9-851237ca3109
9c121da2-2506-470d-966e-8a72c43e63f4,c4a4a134-937d-498d-9d7a-b4f7c5cf279c
4f5675b0-2c1b-49f9-9cb0-be344cb97a6f,43f0ad5a-1e99-4133-b236-04ff2d0fd029
63a6f1d9-5f46-4c97-af54-21ce3a6e5539,6cca7f3d-dfd1-4842-831b-7a8748669170
bf96a450-87fb-4f8c-8286-75f4690dbb69,e3c0f710-802e-4ef5-9f43-9a6f40c3237e
e8f64786-5dcd-4a9d-9cec-1123c74c4b40,9f435a1b-24a9-4c6d-a6a3-bbf20c1ac44b
e72ba46e-a7fb-416f-9f54-a057f6847cf6,fba2aae4-c14b-424c-ad0d-08dde38b22c8
0fe732a6-1df6-4cb9-aad9-81518f49db60,ece7d8a5-9d04-4555-b817-9d7ecd60a1c0
71e6f1ca-aaf8-4476-9254-297aff48d83d,34729bc7-8d70-480d-8121-3cabe2825ed7
f7f4bbc1-a9ab-49e1-b6c4-6ec228869b83,754338f2-4e13-48d9-b6dc-4b4771a2025c
f5fcdb19-f8ff-4939-946f-e3b70283729a,d171d922-f346-4988-9f9b-3b385499ba94
d696f3a4-badf-431e-b322-322471ba854f,85c763c7-f8cf-403b-a183-718d8aef5c09
6a6d53ba-a16f-4465-b434-a197983066eb,ebb33283-01e2-49b2-b1e1-ff741ce8397e
8bc4405e-7150-428a-b4fe-2baac53f8b0e,03223eca-27ef-4793-9f1e-ffc006f11061
d187bd2b-e297-4e60-9ae1-e0de9b709b24,14ca0545-c295-451c-b9ec-34264c17348c
3181d0a8-2c73-4e02-81ba-d3bf807e1685,c0d572ad-67fc-4c96-852b-705561d87e27
8964838f-184f-41cf-bf95-97f01e22b68a,bda8b87a-f595-4d46-a45f-51c60ab34dd9
9c153dcf-050b-4a74-a260-cc361ad680a0,7a1a2ba5-90d1-434d-9f67-d78a81598311
8d710183-ddd5-4a95-83ba-3f538afa98b0,011cb6eb-f8dd-4f27-a8a5-443e9aee6d74
8e8c113b-c421-4c69-a119-c99173d73976,78e7cd11-5d35-465a-a1f5-4759f1b383cd
d4c7c342-b3e3-4134-9112-dea7ebe22133,d8c8c94d-86cb-4c75-aee5-e41631b37e9b
8c5a430d-3f3f-48ef-be83-0deb1c09ddfe,022abfc5-e93b-4c85-a312-442434ff70b9
988398b6-b647-4760-b0e0-48f7d58f43ef,2f17183e-cb68-4068-a900-adf4ec9f83a0
d64bd6b7-0663-4888-83d6-97ac1a271251,5d0ce9b0-5267-41d1-aae9-d2f46d3eecd3
6d88d25a-6360-4681-8027-0d5111e4f51c,984d92ea-73ec-4f59-b203-27245300dd6e
3da5f42e-d0d2-4e65-8e7a-2f689c2a470b,072651af-4668-45c7-9fe4-6cc04a851220
a2c53790-26c2-4860-9881-10d28854e4f2,c121cb01-e614-408c-9112-208dbdef919d
51cf89b2-58fa-4005-8603-dde97e7744e6,b4cc00ea-bfeb-4a35-bb40-362125fcbe7b
5cb37c9e-024a-4e1f-86c1-2eff24560641,1d3100aa-2831-4e80-bea6-e7b4e0636b68
0f8a1aa8-10ac-4160-a212-edc36da3620f,e5a4deb1-3dad-4881-8f7e-b34fb5ef16c8
9a4a3275-6926-4039-a876-dd0d59cf847e,f0d5e134-ce07-479e-8a42-f5f59bb81ef2
631ee841-e3ab-4b51-b2cf-c50c5ace012f,89fb2676-479c-4e31-a694-c5db8c0fb90a
c7c5d789-809b-45da-8973-93bc35255ec8,17f2658a-0639-4920-8500-2ba7600e1d43
6a761c19-cc2b-4f0a-a999-8d1bb4b423d5,cb7262df-0bec-4529-88d4-39bbadace0c6
9c9ec64d-c15e-4c03-979b-113e2d151f4b,1afdf3c5-605c-4ed1-8a62-53e2a860c14d
7c18b170-da86-4885-95c9-8188ba0eeb67,0634daca-46f2-4958-ae33-3e88179a1e86
2cebd390-78b3-4a49-b1aa-75aeb22b6d87,dc380327-8ca7-4ccd-8629-69d06ad08f0f
3505fc9e-35a4-41af-a8b3-bf46d6d9bcd3,d59f46e8-d336-4f9f-bd50-aca61a2b7245
1f873024-3720-4196-ade1-c6503306b1f3,87b002be-98cd-474a-b37b-5ee801b78e42
0fe732a6-1df6-4cb9-aad9-81518f49db60,70223820-4e0b-4dcd-acb6-778290e30c7b
5d6065dd-64c6-4794-9385-d0b501b3a881,ff94ed7f-bc1e-4c79-8e07-d97a08e6a582
a9d4021d-78a3-4778-8005-1a946a22fde0,585b5961-e30c-4eec-a919-bcfb539f94bd
89059602-5645-44f8-923c-7320aab85caa,830d5339-0630-4389-a57e-1b7bd4f8e0b1
e2b6c2fa-dd02-42a7-9eac-4e44e8f11bcd,ab9f82ea-2da6-4b84-9979-ea6201dfa694
eec43f6a-0b6c-4026-b488-06406e92535e,7fbf3ed9-0982-4af6-a00b-b742cd79a62e
ccd520c0-e6e1-43ba-9b00-0a104805f51b,615068d9-2248-4c71-8b79-09336f6fd4c6
70ae14ed-4dbf-42ef-9d55-79ab176c0a93,4421084a-50ac-4c59-8127-ce4b0c1e6b8d
cc2e0a82-27bf-4e38-b036-dea8a371e1f5,b0a549be-52eb-4136-9565-37662ef8b472
c7c5d789-809b-45da-8973-93bc35255ec8,8ef454bb-07a3-4c04-8112-5a41b545b67b
03752335-57e5-4ae8-84d2-500772571ba7,3f8649f0-d695-4e84-b195-b3ed22a074f4
6c24f9df-0714-4fef-9ab4-0bf5d91d2d22,14a4e313-7e98-4a75-b25d-d1036da70dbb
f8140bf6-5527-4675-bd2e-86773f945786,cca9ac5f-3471-4e3a-8687-15fc09bed8b9
5a29a44b-7cc5-470c-89b1-488d426adf95,a3fd7988-dde0-4a87-893f-54034f309141
b3c20d56-23f0-4343-ba88-8f52d362d331,dff28afc-9361-4d81-b41a-b1407dc1fabd
b9be80d5-6239-4eed-b687-8b9c7cba102d,1455277a-7d85-4184-b3a8-1fa699e1d0af
addfc2b2-a69f-41e8-a1c2-a62da3332079,3e7ac1cb-84ff-4e42-aeeb-412a49cd342b
8cbd8b0e-ff77-40b3-acc2-7dc974e6e7dc,72faa0cb-c0a2-4e5f-b638-9ac02e97f685
ee208f7e-fef0-4846-bc3a-21ddb0dafbfc,a2ed458c-40bc-4b81-8b8e-6c6614d41715
330ee466-15e5-46cf-8c94-493fbd28acf9,6f725b3f-5b5f-465b-acdd-870405e88671
16dfa875-03c5-4c41-8ebe-d1983ae826f0,f926c9e8-99a9-4576-9b58-bf6b3ec4b269
b254d915-5789-4524-9b58-8c800352fbba,89fb2676-479c-4e31-a694-c5db8c0fb90a
ecf333a2-45e3-4285-89f8-dd88e0080143,9e9a23c7-f377-4c40-b0ae-331ac9a2bb62
774d9522-fbe8-4a23-ac94-37624c91c803,56d14132-9ce3-4311-871c-ce8e4ad89390
0f78d1a0-a1af-4cae-b8fa-6d1af06e71dc,527b6a38-7578-4fc9-8bcd-5c91708fb746
ebf1bce2-c5fd-4a6e-a086-4d0e4c934ec1,6cca7f3d-dfd1-4842-831b-7a8748669170
1d6d226b-7933-45ff-8c45-3828ac47903d,e1ef4817-5b61-4042-ae49-b6a6c5cf0eb2
f8994cb2-6b90-47f2-8a33-d09f9d1bbea4,5f7f99e6-40ba-43de-9e3f-fc8bb895e976
11a49389-4861-4186-b37e-466f5dce91f7,809a7e52-31db-4297-acfa-f0d30ea5329d
1ae3810b-6b5d-4957-b64a-7f023b061684,f55a4012-491b-41d8-bc14-a6ed348106a9
a4eab6be-9da9-4cfd-8afb-6a3b6ea7bee4,754338f2-4e13-48d9-b6dc-4b4771a2025c
114febc5-5c48-434c-91b4-d5604fc73897,c0879b3c-f61c-4960-9127-a45398dd2264
ce7ceecf-524f-4e2c-b19d-3fb051e68e44,fae9409f-eadc-4229-bb51-9fd3770bbf11
7928c45d-f908-4564-a79a-8a1a2da9e7cf,88e09af1-04e7-4ed1-b9a0-a462659ff957
4c9f8f84-3b60-47dd-8ec9-3f83e68f73a0,6b1a5ad6-8e47-454b-aa89-e9958c336347
5cb37c9e-024a-4e1f-86c1-2eff24560641,22da4e61-957c-43ed-82f2-b21660bff17e
c2f7b485-9727-4547-a14f-ab967fd1beb2,34d8971c-6e97-4cd5-8ca1-a0bccc919d5a
216f75b2-fda0-44e7-a9df-5e0685a3cdb1,d2b20942-6c86-49e9-9ee5-f2ca163d6785
ad85bcc9-3204-4365-9ec9-ec0a781c885d,a676f0e9-b8c5-4856-9194-7827f5645d58
bea0f9b2-c399-40e9-aaef-2984acc305c0,56941d50-8393-4ae9-b29f-1bbfd1520dcf
0b6bcc7c-fc6b-43ed-93de-fd6e81deee9b,13bd632f-2d17-49be-946d-227a046f5040
42ae496f-6694-4063-9ad1-f322bc4cc01e,725b9598-898a-4f96-b133-bc635daaf3f1
4e71ddd3-71d3-4869-bcbb-f71b67abecc0,615068d9-2248-4c71-8b79-09336f6fd4c6
02aec7c8-ffed-4358-b243-888d35d3c624,e6732b97-9ba6-4c30-b18d-bc20d6f26756
75aa3d5a-f552-4d09-b879-9da309c1ff9e,bb39890d-260a-49f6-ba41-58185240401c
2e9944aa-f458-4866-a0e9-59e6b01d6eca,412cc371-0c50-427d-9b84-005ffca0c47f
dfb62d57-21a8-42f0-80d8-b9d4c8604fb0,f0d5e134-ce07-479e-8a42-f5f59bb81ef2
1d3e1042-6681-45f5-95b5-8418e62e84f1,84763366-c73c-4464-a52c-dcdfe09efc8d
47999393-b250-4e4c-8588-b5ab3a3436f3,6ecb83b7-1297-4735-a4b5-a0a2b242f034
f4f3f12c-02f8-457d-966d-6ee8b886083a,5ea457c7-0218-4568-9181-39921b83389a
a3a95b18-fde3-43ba-9e26-3391d0345370,c622e326-a53d-4e99-b99d-0fcc721c890f
cb585867-2b51-49b1-a83b-12c1d54d4c88,b1076b64-3157-405d-a4d7-f247e4dd470e
ca5ddf68-7dd2-40a0-980a-dcc6344bab05,d64b3861-8063-41fd-a67b-4e41f909df99
a0427b6c-2eef-4ca6-801d-57be13a5b39d,6c2cacb6-abca-4595-a31c-116de87f3848
886e5ef9-3d5e-42ab-ae18-66567867fc20,6b977f96-0f8b-4449-b167-415e4760b286
d0f61a89-c355-42a0-a789-15b59958b841,eb2280a1-0dd5-4e74-89d6-3e71319a9903
a7f5f4a8-cb22-4fa2-af30-c328c9b132f6,25a07dc5-775b-4499-8574-a3e4e9b9fca9
d82f07d6-ee85-46f2-b38e-b3671481637a,71d2b4cb-4046-44db-a98d-cea11496a2ee
c7c5d789-809b-45da-8973-93bc35255ec8,373e8d84-a6d9-42a0-9a53-0e5cf1e9d831
65ee7250-d684-4d76-8568-b9f48a22d60d,a166a359-1ff8-4b99-9cc3-0c6071a16e16
f8a91d02-bf7f-4580-9309-dccd1ca0d6ff,edc09880-17fa-44f7-950e-89663300e211
b93113ed-4f80-4526-b0ae-2c067574142d,78c9fe2c-d13d-4ebf-8520-a2fc34555266
0de548a4-6a52-4aa0-a5d0-802e357c7045,899ed7a4-09bb-42a1-9e72-2b85012b243e
a8febc3c-eb0a-44c1-a041-f0c5560ec959,b920e49a-cbe9-4c38-8ff5-1a17b93ef8d0
c81889ff-5bc5-40dc-b047-d72625d407a2,39e5d7dd-c500-4c9a-a69d-fca1dc16749c
f6879ff2-d3ed-4f7e-a50d-47cb80d91b42,f23969a2-f044-418f-905f-ea8e8ac73d52
b856ae5f-e514-4714-9ff2-0f397479986f,b669aaed-ed1f-4670-ba03-71825e6bcad5
15ec3a9d-139e-4ef4-9e9a-0fad1782d02f,67f8a1c1-e58d-4cde-9a43-548745669733
0f8a1aa8-10ac-4160-a212-edc36da3620f,f0926faa-c1cf-47b0-91de-05996cb79dd2
b6de0de1-8dff-4374-97dc-3d15ee4597e6,18b9a62b-725f-40cd-a3c7-824255f26cdc
8e2cdb82-b986-42ed-b037-ce9e5970104d,fe8a5b11-beb6-45f2-8965-df30733300df
6c2792b8-a314-437a-9568-6be8f8de34d1,aea954b3-3548-4b30-ab27-32e5c3f4cdf4
d64bd6b7-0663-4888-83d6-97ac1a271251,0bab935f-fb96-4961-8524-40e47ac72555
44bf4c10-1059-4de7-8a9b-d098178d978b,49c11969-d7a1-4284-93d2-cc9e0608fcd6
bfe8a239-8e7e-4631-8491-e58029c7183a,96ed5af4-a8e3-4d6c-a1ac-9369ccb45794
ccac9af6-e682-40ef-988f-8d8b97c21d59,3579d41e-b8ee-4938-a0d3-503b5c10939f
db64ca58-0073-4731-ace1-156894a3444c,298620d9-e48f-4394-b5bc-6fe65cf06bcf
a2cf1ace-86e6-4c6a-9400-2fea2e7b0687,95f8fe2a-0ee3-451c-b116-945f6a204df7
f46ffa8c-2412-42da-96af-675d4ca5f6f7,1b89e83b-7bc2-4a12-bd7f-574776ff02fa
26fa340e-1ed8-46dd-a906-202566091953,4d1d6f0e-5f14-49c3-b95c-53f2bb20eae8
835c02d6-2a4a-4899-bb4c-ad20a4145200,2a948a7c-05e6-4a64-925b-65271b35a3a6
77a64079-d134-432e-bb64-9b85f2ea90b0,da11e1a8-7ae6-4f95-81b3-ec9c1552114a
53f68581-b13e-4369-8f06-82f13111716a,23c1ab0c-1ae4-4457-b2cf-f11b92149e99
b35ea01a-6d36-4970-b98f-b1d3f91931b6,f908c0e6-fb37-4113-b26e-d60f32d2fc07
04bb417d-0a90-4397-a1dc-beb2cdac1282,1783b365-007b-4bb7-8164-597ec5dacf95
72e115fc-2890-44b6-a74a-9100e6affccf,ce57464f-09ba-4080-ac09-cbbed5de9b72
e1ea6467-25cd-432d-b02a-ea122b5d5934,81a1d9f5-b807-4c4c-9b70-56af17e02fe0
afa28d50-208c-4862-b13b-116442a4627b,59888e5d-cf0b-40f0-a38e-9d758e9e37bb
46736dd3-013a-4a59-8639-18a10cd9b25a,2c050edc-dfd8-4edf-bd25-8eee26f93f86
e595a64f-3fe4-47c6-9eb8-0e26e3f3a3ad,3b0ada4e-1a08-48db-b684-903b1e1fa76e
e5469716-501c-4d34-bfd7-a830859ab6b2,3c2db81f-5a2c-475c-a75d-c0fdfa25e481
4d29fa1f-ec68-4455-afe4-3410d4a48446,bf1dd3ca-996c-47d1-b042-88d63ca0af24
15ec3a9d-139e-4ef4-9e9a-0fad1782d02f,4f4e9146-d858-4b65-a247-47a7a721ed6c
94b0ba97-8e4a-4966-9ef5-e67415a72b65,aea954b3-3548-4b30-ab27-32e5c3f4cdf4
a65032e3-6999-428a-b2ab-bdc5fb190223,d49499d5-946a-4180-a022-a82697ef6fa7
20202b46-82b3-47e8-ab22-65e3c1aaf943,db3eb28e-d236-4e0a-879f-e1a57fe8f5f8
a85bdea4-61b1-44f4-8629-8cc63417c3ff,34d8971c-6e97-4cd5-8ca1-a0bccc919d5a
dcf0d957-c717-48dd-8d87-c09d8d8b2eda,8b06c280-1bda-4311-9cea-43921e15d84c
d7114042-c14b-40c9-8d5f-f190363fecde,6d432432-58d3-41ea-8710-05e830804130
500aeb15-32e9-45af-9853-6ece01d7a77d,6e74b82e-c0c4-4b8f-9cd0-a4eb5042c39f
ca91b4f6-b57c-48fa-99b5-15571dd17b0e,bb388fe5-29b4-4ede-952d-1258f43bf1ff
21047e11-86f0-48ef-8f5e-189f14da36a7,76d74847-b8c4-43af-b7d9-5e3c9bf34b69
47999393-b250-4e4c-8588-b5ab3a3436f3,ec5b7094-4b6e-4cff-b3eb-b06b6d1a012d
87227314-f05c-42c0-b59f-8fde3572e1fc,5b9f118f-5354-404c-8793-d4fd16327a15
4973bb40-1675-40ca-a3af-d0ca0c57bc6b,6e74b82e-c0c4-4b8f-9cd0-a4eb5042c39f
75ee54b0-5c05-49eb-8630-7d7f434cbbae,bb388fe5-29b4-4ede-952d-1258f43bf1ff
0dc5b2d9-de0b-4938-8e5f-b0f6d3b42951,8aaa0fa7-b652-4186-b312-b3b661dfc556
0814ac2f-52b7-439b-94ed-b9ed2b913d4d,c7609009-b0b8-4142-8ede-6559d26585d7
74603197-3990-47d9-b09a-f8ee7dea16c8,59b9be69-1ab7-4d4f-99d8-7a4da49745bc
9c9ec64d-c15e-4c03-979b-113e2d151f4b,b1076b64-3157-405d-a4d7-f247e4dd470e
521db569-f07c-4ce4-b88a-ec0af76a54b2,eccc2cf2-8a32-4774-a897-8452e85eaec4
099ab9c2-e4c9-4e41-b64f-45a85d39fb8f,7ceaa8e1-e2a4-43a0-abbe-d3bf5dc160c7
713b5570-7c02-4a25-93df-258fa47727ab,e0032df7-01f1-421b-8655-637685b42259
357f8b01-9ed2-42e9-a292-55a3a4e59bbe,38c07ff3-ed1a-4a65-886f-ebabb00f1744
8802ae13-f5db-46a1-b71c-8104fcc82014,bbe7dbaa-c8b6-4091-89d2-1170f780d487
505d6637-fab1-4539-aee0-7e1f8db617df,de3bc51f-a09d-4004-afea-54b50068ac94
886e5ef9-3d5e-42ab-ae18-66567867fc20,82eceade-34e4-4bd2-b563-9c1bbd693905
99af7649-f03e-4411-be33-d191eab55074,0196f47d-75f0-4204-aaf1-4cb676213522
835c02d6-2a4a-4899-bb4c-ad20a4145200,a95e389a-dea0-45ad-b6e1-d9c4a7e548ed
748feb64-63cc-4fbd-aebe-c350d34d9e1a,3416e49a-1917-4819-8ab2-ebf77ee93a48
857f3916-6a3b-4b31-b655-a0c0fc8188eb,92dcb6ce-3fe6-43b1-9cae-621a13105abf
67683837-84f0-436c-a996-bd2915bee288,6ce29ba6-a073-4b3f-ae5e-3f3aff05727a
cc9454ef-be32-4498-92a2-f17bc027f5fa,1afdf3c5-605c-4ed1-8a62-53e2a860c14d
af0a37a1-6fa2-4584-b9c0-ec82e04001b8,39d5b7ab-bbbe-4184-8ae0-c4622528be66
6af397b5-a062-4587-bb0e-16831094d828,dd40f12d-dab5-463d-ad0b-965b1eb69b0b
6dc4ebbb-b8b4-4e55-ac16-76961451d616,e83c8c03-4ec6-4ed6-8862-e9eada28bab5
03561580-74d3-4e67-90fa-3c5af825b4ed,62968966-e756-43f2-ba73-b197d902fe75
c002df1a-f721-4773-b1f9-478e5a16558c,c18acaea-0dcb-40fe-9104-93ff27fa2181
fc2d4a57-da54-4dfe-b86b-519405ec8af5,fb680335-a4d3-465f-9661-b44c6dc0f4e7
08e9dedd-679c-4c6c-968d-1582698db156,20559dab-4d34-4e09-9437-89deb68ba442
2690cfdc-d7db-4568-ab9a-3a4dbb217a1d,bdb230ee-98bd-41e8-bbea-1ef9dd6d3aab
d5141159-5695-453b-b709-47700deac81e,8476e87c-78b1-4fff-8078-3f7dc061c61a
70ae14ed-4dbf-42ef-9d55-79ab176c0a93,6c2cacb6-abca-4595-a31c-116de87f3848
a3ca9298-1b8f-4f9d-ba82-f04737ff9519,9c4b2dd9-0ba7-4416-85dd-74799d227500
db07efb2-5cb5-47ec-9daf-c50aa863e920,fc640b09-4902-496d-a501-e9d30f149519
8720015d-87d2-4c72-9228-d7928cd64a99,dc5ff477-1ff0-491a-8866-05a0877cec8f
a3c3ee1b-055f-4afd-ba26-65c5c2bdd151,88e09af1-04e7-4ed1-b9a0-a462659ff957
baadea94-4d39-4fe6-871e-938f9feaff02,5bb057ce-c50d-4e6f-aca0-be6f8fe7b34b
6a6d53ba-a16f-4465-b434-a197983066eb,ad62ad3e-e2a9-4d79-b025-7a22ddb2c4f0
853c6144-0027-4613-a248-c8bdd5f4eeaf,be59bbe7-0849-4b53-ab8c-803f3e671399
e09de405-d26a-49ed-8a3a-875279d905bd,55fb533d-ba0f-4d1d-b7b1-81fc98e21134
af5ad3d2-845f-4cc5-8d5f-6565a706c13a,39d5b7ab-bbbe-4184-8ae0-c4622528be66
47999393-b250-4e4c-8588-b5ab3a3436f3,a9809652-43b1-4d22-b323-da63b4a5924b
be2ca04f-c289-468e-aae1-68822ee525c0,1dfe9b1d-e0a8-4824-aa6c-40f0118a0cb2
d64bd6b7-0663-4888-83d6-97ac1a271251,f548e549-da5a-4cf8-9887-0c35167d66a3
a53ad2b0-ff97-48e3-9389-19cef3f3dd45,20db2818-c3ce-491f-aadb-79b7b978a5d8
164f5f04-4917-4a66-88f0-f67b0c71af19,5d72b91b-816b-476a-a75d-91a772bc2b97
0c72d8dd-a57f-466f-832f-1097312bfd65,8d1ac575-6490-41c7-af6c-ea317ef7c8a8
107436be-f08a-4910-aa42-9b1ce33085d9,b1ff6c11-ddb5-41a0-a865-5d8fbceb6103
85b1fe1a-de47-44a2-98a9-37dfc4aa4588,09f0ce56-79aa-42e9-9819-4372d1851d96
78ed4cd0-2e2f-4ecc-8320-9bf31ac7e73a,9e11b7b1-de48-4784-a8a3-cb14ee793e63
11a49389-4861-4186-b37e-466f5dce91f7,e534a938-1441-4110-8bac-796240c6df10
c3cefba0-68a7-4e70-9b28-78ef8669e865,a6a02209-c709-4199-ac48-95b38656d232
0f3bb553-7255-4946-898c-f7a15ccbe268,27299a44-4a07-4f5b-8504-c91d3b83844a
15aac7e8-fa66-478c-8b6f-0b9360b0a6d4,59b9be69-1ab7-4d4f-99d8-7a4da49745bc
2763dda8-6bd9-48d0-9729-4ba8fabae1ad,3ff16038-8390-4e8d-986a-ebb6feda4040
32b68ea6-ae1d-4171-9b4c-72e23bee1869,83286bf9-7a2c-40dd-9336-3d359779bfa0
6bd427b4-499e-4048-8d7c-3a1d69ba1540,b43e524f-7f86-42d1-9a43-ca708ba09708
e9f0a782-118e-421c-b1ce-8c2857d196ef,5d5a197a-99d0-4d54-bbe8-98e49faf79e1
ffd91e65-e320-4ae5-bece-f2e7de0c148b,93ae9787-5d48-40d6-a334-a30dbd51e300
b93113ed-4f80-4526-b0ae-2c067574142d,6616cce2-71f8-4891-a501-8ca3477d17f2
dc3a91c5-aaae-459f-a7fa-9e1d648cf66a,9c4b2dd9-0ba7-4416-85dd-74799d227500
af5ad3d2-845f-4cc5-8d5f-6565a706c13a,350c6a62-9194-444a-bad0-5fd10f171f1c
2f0d2d4c-175c-4a0c-8813-18c8b2e26505,cd958343-e80f-46d9-81e1-14a56801cb0b
972ca434-0524-4cec-9e32-28f57586f2a1,cd958343-e80f-46d9-81e1-14a56801cb0b
afdc7604-249a-4315-a4ca-2d22d1dd84a1,c2a09f32-258b-4f07-89d8-9e4cf6ee225c
29d98ca9-c4b8-4355-94e8-7b34ac342fac,09b74bc5-5a6d-438f-b148-16aa92180ebf
535dac8d-5982-4b4e-a396-5b68861091ed,a8eedb3b-96dc-4c79-a8a7-052faad6f78a
07f5e245-cd42-468e-a98b-68cf8df7707f,bcaaa417-2342-442d-ae95-8fbb945ebf11
57211b21-1874-4252-b9d7-bd8343774781,410d5e04-588a-4141-aa1e-c024ea3ab164
bb797a72-a5cc-4396-ad28-6b46c4746c62,18551d24-81d5-4836-9bed-f2aaab965d86
1d27950a-ec95-47a8-8973-6744c797b3d3,4806ecf2-b440-4e40-9082-a99aa66c947e
48912557-af52-4098-b6f7-f534ba4a6ef3,1f130ddf-58ac-45df-9291-302fce40dfe2
0e7d8be9-9705-4cea-b1e2-c590186c01cf,b9cb5bcb-b3de-4561-a3fd-8f8fa5a1339d
75c3e5ab-beae-45f7-be11-16e714d412f0,58618075-cd22-4827-9fbc-f667ec0f5f19
1276ef28-26f0-497d-ae94-4a5396806d4d,6c7219d3-d0cd-448a-9e7c-ab55d3263e3e
33a12f0b-00e4-4fb0-b518-1e35567a2f23,7f486f36-32fd-4940-a9b5-48d25f262d42
5561e90c-d599-4e4d-bb6e-65479287de37,2d223072-f56c-494a-a336-23ebe010e64b
95ffb99f-d050-4be9-9d2f-030017e3de3f,c2e4581a-6e0f-4cea-a108-17adc5321360
fc2d4a57-da54-4dfe-b86b-519405ec8af5,1edefc21-9dca-4d23-8e6b-ca826ba26a1d
b7e1b1aa-62f2-48e6-a67f-539d915f3a36,c873b5ca-d2c3-4aac-9df7-0c76eaadcb0e
8ed348f4-c9a9-4fbe-9661-3d32da433a8f,ceb09fc3-e1fd-464d-a2d9-851237ca3109
6a1f3408-c655-40d3-a638-9c9d56d449e1,011cb6eb-f8dd-4f27-a8a5-443e9aee6d74
3fd6ce88-9fff-4b5b-a3d5-45268c008a68,073b2cc9-d013-4389-b6cc-176adbd01137
c7c20591-ff42-41cd-a893-e4631c876cd1,2f3d083a-b59b-4f16-9fba-89f9292f07bb
089a0cc7-6c59-43ce-874b-ed3a9d54a005,fd86f26c-c0f3-4a19-bc00-670812635eba
049ca549-9ef4-4b03-bd86-9a614aca12a6,acd91647-ae43-4844-8a42-9eb7f250f553
335e514e-a67b-4165-9238-72f4d21b1e87,4806ecf2-b440-4e40-9082-a99aa66c947e
baa1c37f-c014-4207-8d5c-8d508b955313,56953b82-ed51-40c4-8e6f-d694216fc39e
0050570f-cbbf-4e60-a520-c331829a2a08,8578546b-4f76-44c8-aaa8-6b542d2c81e2
a342c45e-ccb1-41d6-a99a-18731a11e14a,b6c22743-aec9-4263-8e20-beb1ebf4f2c5
c2bade34-ce8f-41b1-a2a3-98c2a9b317ef,a9f86a8d-3c38-45ab-89b0-b0e0dfac0a7b
2797708b-e905-47bd-b3e4-c1838df65843,51a39955-01ef-4499-bdb7-0378f81b5a25
630167f5-6998-40b7-8978-5f9c4d1afd22,1edefc21-9dca-4d23-8e6b-ca826ba26a1d
d696f3a4-badf-431e-b322-322471ba854f,4df15d35-ea23-485b-90ae-dc7962d17b98
80c80267-2799-4eaf-a983-bd7989969c41,2267452b-d50d-46d4-879f-6e6f4960daa0
f69e18e9-6db1-481d-93ea-6eada824ce61,b05af6c5-ecf3-409c-83be-661786962bc1
cc2e0a82-27bf-4e38-b036-dea8a371e1f5,811dd1e6-a7d6-4683-85bc-5f4c3336202c
dc0ce33e-8109-482d-8c46-3bbb877e0e1e,aa81e749-b909-43d9-9562-d50d0aefedab
a3269cf6-b06d-4d5a-a384-ccc14be88a08,e0032df7-01f1-421b-8655-637685b42259
a8febc3c-eb0a-44c1-a041-f0c5560ec959,465d6890-97c1-4bd4-87b5-caadadb57a87
dc83be52-f849-4c73-8fff-0a271af18f59,f308ab60-22c8-4092-a8ce-0846bbe8c2f5
b5e555b1-1878-45fb-8612-598d745e920d,532c6fdc-aefb-455c-90a7-3f10459c376e
eb214a9a-9c62-4bd5-b583-ae1275022d67,71d2b4cb-4046-44db-a98d-cea11496a2ee
0c1afd2c-ac0a-4f91-8a5a-ebe4d8e385aa,f6054308-3cf4-412a-8797-2dbd681d78cc
f6cdb325-fb9e-4de5-bf79-f9cc0a0bf518,e99796b1-0a7a-42d5-9f46-c41886ff0e82
6ad45265-b531-4dc0-90af-67472cb41394,1c5da694-7da7-40b0-834c-213542031027
be70042f-2bd2-4bf9-a3e5-50b3cc9ffe2e,303ee706-2355-4bce-9bac-d21946a6cdf7
11f6eb0f-020b-416d-9bcd-249c0481021c,3e9191bc-93ab-415a-ae5c-c254db3a4a77
6ad45265-b531-4dc0-90af-67472cb41394,6d6af9a7-028d-41f8-b10d-ea2b06849640
04cfcd9c-3841-4ed6-85a4-036a2783efb7,a850e43d-e63e-4df4-9ec4-bdc6b3f28b81
f904a86c-cb54-49fa-9041-b6f6c5fe9861,0bad2a7d-dd6a-4d63-987e-592700382a62
7b341a5e-986d-4354-ba8f-152b94816239,6616cce2-71f8-4891-a501-8ca3477d17f2
3505fc9e-35a4-41af-a8b3-bf46d6d9bcd3,cac579fc-4650-4c30-a3ec-c13cd5878688
6f0c50fe-37df-4dc4-99e7-1a07b720ae45,bcaaa417-2342-442d-ae95-8fbb945ebf11
7b341a5e-986d-4354-ba8f-152b94816239,60ffb4b8-ce20-4775-940a-3c22c0246983
6bd427b4-499e-4048-8d7c-3a1d69ba1540,ef97d3ab-1c0f-462f-88be-4cb16ce36960
f70cb14c-aefb-42c8-a058-350ddbc151ce,52a68b4b-febb-4f45-bd16-01e5633ae708
6c2792b8-a314-437a-9568-6be8f8de34d1,0b2cfd27-15bf-4b41-a8b6-236c210333bf
2763dda8-6bd9-48d0-9729-4ba8fabae1ad,c144c035-fb53-48e4-b30b-7bd54664cb32
de66eda0-26b2-404b-b269-9e62a88be8c6,5a21545c-2849-4ef8-b086-491af10f5f5f
29d05653-2f1d-4e85-816b-a3c24c178b5d,323f679e-bdf4-4a91-992e-007bc3ccc266
0814ac2f-52b7-439b-94ed-b9ed2b913d4d,70979932-2563-4684-ad2c-cde0063cf143
73389e3a-5b12-485a-a6d6-fc3829c9c14a,9e8d449d-8b19-4b32-bb5c-2752cccf5cec
0f78d1a0-a1af-4cae-b8fa-6d1af06e71dc,b05af6c5-ecf3-409c-83be-661786962bc1
ca5ddf68-7dd2-40a0-980a-dcc6344bab05,8ae3c17b-7c81-465b-a247-17d0d6b406f0
c8e721f4-4e31-4d2c-b17c-89245b1c39c3,31670153-3804-4579-81af-61fc8bee9e06
f8994cb2-6b90-47f2-8a33-d09f9d1bbea4,b1b7a488-a499-4f71-9b8d-312b5ce58cc9
8cc55706-3114-4d64-9468-d4fcc8896d81,5ea457c7-0218-4568-9181-39921b83389a
60e82708-f296-432d-a386-e3f5cc576d6e,6e630e35-96ad-4e19-9c6e-4418fa704535
8802ae13-f5db-46a1-b71c-8104fcc82014,8cf8e346-c588-4fc6-bd21-0a972303b7de
af5ad3d2-845f-4cc5-8d5f-6565a706c13a,cd958343-e80f-46d9-81e1-14a56801cb0b
bd9530fa-5509-4712-b926-5d0bf6353f11,7271dcae-959a-448a-9d4e-0c6d4f71bec2
7befe865-b94f-4646-a120-7cbcc4414a3f,1a0ae2fc-e241-4d51-a5fa-c46d58cc3c6f
183e6b6f-c31a-42bc-960f-59304d22cb6c,80670066-718c-4439-8f9e-442658bef124
07f5e245-cd42-468e-a98b-68cf8df7707f,531c3231-e131-4e3a-b1c5-393eadec7008
bb8f25c7-11bc-44a3-a90c-4403ee88eed1,0f0be147-e125-4f9e-b2f2-11321b5fb843
5d6065dd-64c6-4794-9385-d0b501b3a881,c4a4a134-937d-498d-9d7a-b4f7c5cf279c
5555032d-ff87-4c18-9423-2c12d9a764e3,198de47b-55fb-4ae9-aa47-6a6b5bea6d88
1cdd0565-5812-4d43-8860-7710e0b377e1,e936cf7b-1456-4c1e-ab78-1c9071229567
5f45dcec-b50a-43de-b2a1-3c9b1f9616e1,9163692a-29a5-4e7e-8ddb-69fd14db886a
32b68ea6-ae1d-4171-9b4c-72e23bee1869,ee51365f-6da5-439f-accf-bd7d3e5a2c95
829bd2c9-0655-4fac-87af-b0d8a5bcb176,cca9ac5f-3471-4e3a-8687-15fc09bed8b9
32b68ea6-ae1d-4171-9b4c-72e23bee1869,c69b24ec-feb7-44c9-a044-665fe4719e2e
e0fddd66-5983-40dc-8013-d44bb6031dab,69f191e9-9818-4843-ae09-c2e284e5254f
32591d31-254e-4c74-990d-ef799e9a5a03,50b6fe53-e0b9-4568-8c1e-dfcbf0f8a36f
747a5608-81e4-487c-9a72-1fa9677a87d1,e188d916-69b7-4c52-8456-749df5ea40d0
b7e1b1aa-62f2-48e6-a67f-539d915f3a36,7dbc6325-8cd4-4ad2-99ca-fcf66e9c1e53
43f2c1aa-0499-4ec9-b3df-1d5f12162162,d59f46e8-d336-4f9f-bd50-aca61a2b7245
0b00bc2d-0d25-464f-a2f4-f89d75aaac43,ee51365f-6da5-439f-accf-bd7d3e5a2c95
f534d246-7a7e-4fb9-96e3-a134d0c8e774,7bc64bb2-e451-4af3-87ea-3f0ef98a31ad
86287fc5-da21-48c6-a078-03e69b9974bb,48fc0c66-81e6-4222-9fad-ddf8d2990393
4cc95762-923b-41f7-a4bc-6dc6a97ce73e,17b9cc3f-e186-4510-82d1-52da1b07cb70
bf3cbd05-646c-4f5c-b80b-cc18cc9366d2,c7310a85-34ff-4710-a68d-adf4bfcc6ea8
853c6144-0027-4613-a248-c8bdd5f4eeaf,6184eb9f-3728-4017-a827-e6621c1009dd
9c153dcf-050b-4a74-a260-cc361ad680a0,666f8288-a070-44a0-9d5e-3e23277bf915
d3d31218-cc56-4364-936c-0e8a56491c37,71c9874c-7771-4411-b437-d75bf202ebdd
f8994cb2-6b90-47f2-8a33-d09f9d1bbea4,6b861e46-d814-4cdd-b73b-57c015ae3aba
892ead6d-6fbe-452e-93b6-9c635bbb8dac,825a0db1-9565-49bb-9999-5add07a75acf
d4d7e92a-b849-43e8-b7c6-90021b87dde5,816cdfd3-47bd-4e2d-8440-b87e3c7f3676
1cf9d997-099b-47b5-a5c5-00e8f23f696c,d78681ac-835b-4079-97bd-9fb7f3bcd103
1dfc5381-a005-43b5-a4b7-a91d5581c564,a91436e5-c13c-4811-bd24-8deacdb59f9f
f371a112-6bef-4c8f-9443-8691beeb32a0,e7dbd9cc-f3b1-435a-b013-87ed634acc37
9e43efbd-a268-4c85-b129-15f4c2d5f21c,a95e389a-dea0-45ad-b6e1-d9c4a7e548ed
e5adb325-d83c-4bcd-a349-187ab62b6de4,5bb057ce-c50d-4e6f-aca0-be6f8fe7b34b
8eff78b3-3e0a-4162-a018-0062885ef10b,4a1e5133-66a7-40ef-ac25-459aff903e10
e72ba46e-a7fb-416f-9f54-a057f6847cf6,34c7b3c0-bcb5-42eb-a6f4-a6b11d3caaa9
83b1f105-b3cb-4557-a99a-9495a7a45615,a18a3e5e-0177-49ab-95e3-da825ead7996
d99b72c7-afb7-4ec5-b39b-e0ec99031983,99ac2e52-2e88-4d39-af1b-be9842c39ca1
7dff2168-83fe-4f2e-9f2f-47a2a1fc9d29,410d5e04-588a-4141-aa1e-c024ea3ab164
ee7007d1-4d6a-4e9c-a164-86081002c0d3,2a45ae25-4162-4247-a059-d87f00553db3
61178362-d522-470f-ab31-d5cf229d9f62,e67599b8-27e6-4b06-8b78-facdbf828003
d6f41bbe-8ba2-44aa-9253-a1e8a012d422,62374cf8-fdd3-4310-9256-01dbc1424e57
630167f5-6998-40b7-8978-5f9c4d1afd22,82eceade-34e4-4bd2-b563-9c1bbd693905
9e1c4894-3f77-456c-9373-f5b36ac779ec,61610007-c1cb-41cf-b4c1-bb0e2d06ad4a
55ab1095-51e6-4565-bda7-3f8d42473c96,0997b216-f9da-43f0-9b3b-f68769118daf
47ed65cd-5a06-46f3-b1d8-38a95c2e63ba,174fea35-f337-4ab5-9000-4a8dea621cb6
f4f3f12c-02f8-457d-966d-6ee8b886083a,56d14132-9ce3-4311-871c-ce8e4ad89390
dc0ce33e-8109-482d-8c46-3bbb877e0e1e,ccf443e8-d68e-4fea-87ab-ae39c31ef91f
f81387fa-2124-4be5-b9b9-f261967e7675,46578706-96a3-452d-8834-84bdd9989c59
226b5b4e-b681-43d5-b3ad-b3bf7738e0da,75c290aa-6495-43af-8db8-7c168ad8aae1
4346b3a8-1a45-4e6d-bf35-6fa70eec419b,76eb7fbd-71a8-44fb-9182-60e620b478a1
47999393-b250-4e4c-8588-b5ab3a3436f3,f3ce8311-c117-440d-ae3f-b16e0b2b6a16
ee7007d1-4d6a-4e9c-a164-86081002c0d3,bee157a4-a0cc-4797-b64c-e646a9dd616b
7d603552-5276-4fe2-a651-7a9bf1bb5a8d,02e2c9fe-036b-4a33-8806-c014837ec653
f8994cb2-6b90-47f2-8a33-d09f9d1bbea4,866f529f-38d3-455d-bc1e-4368aab9c510
0de548a4-6a52-4aa0-a5d0-802e357c7045,fae9409f-eadc-4229-bb51-9fd3770bbf11
4208c699-a24e-4e94-bf50-7dd60220362b,725b9598-898a-4f96-b133-bc635daaf3f1
6b914738-a957-41fb-8e60-cfbf88096d81,0313b1b0-061b-48cf-acc6-618ca4000722
6baed000-83b5-490f-afcf-8702888f64c3,dd07aa05-123a-48b6-8438-4fe1d144eae8
2cf37f54-7801-46f1-9004-6ded79ca9f5c,b7d83945-fecf-4b4f-b187-8d163eba3ee6
886e5ef9-3d5e-42ab-ae18-66567867fc20,93ae9787-5d48-40d6-a334-a30dbd51e300
6a6d53ba-a16f-4465-b434-a197983066eb,1b919170-71a3-47b3-9165-130ce6ae546e
f7f4bbc1-a9ab-49e1-b6c4-6ec228869b83,f6054308-3cf4-412a-8797-2dbd681d78cc
a3c3ee1b-055f-4afd-ba26-65c5c2bdd151,5f7f99e6-40ba-43de-9e3f-fc8bb895e976
23858328-cc08-40f7-b46c-359fb138bb74,56953b82-ed51-40c4-8e6f-d694216fc39e
cc448915-623d-48c7-91e2-503a4914f07f,61610007-c1cb-41cf-b4c1-bb0e2d06ad4a
c3cb2ed0-8b94-4bdb-a254-b51394a11f79,d81da40f-4e5c-4150-89e8-316b4a4fbb21
89a6f7ed-992b-4820-95b9-0ce808cc67d7,f0fba419-9cb5-4a26-bae6-c75fc35a8577
d5b1f073-2266-4491-8fc7-15137b61f0e9,9782c86b-6e8b-4f13-a250-bbd3577dab3c
cec15651-f9ce-4059-ac95-9772897523d5,fd788886-013b-4572-9e0a-fec111b3bffd
2690cfdc-d7db-4568-ab9a-3a4dbb217a1d,1edefc21-9dca-4d23-8e6b-ca826ba26a1d
2cc9669d-7f9e-4703-b7b1-b1d772d11955,6d6af9a7-028d-41f8-b10d-ea2b06849640
eab5c485-e15d-41cb-bddf-3d6c7aeacbf6,5128e544-d859-429c-9f36-13e3ebc2898e
b3b5698c-7157-46cd-80d8-138570225260,1e8d3ee4-f12d-414e-b8dd-7388e919f607
29d98ca9-c4b8-4355-94e8-7b34ac342fac,93662d79-2caf-4aa2-85b7-bc24547e2922
8a7e33fc-1d91-4ed5-a0df-4e841ea1c156,0634daca-46f2-4958-ae33-3e88179a1e86
6baed000-83b5-490f-afcf-8702888f64c3,70223820-4e0b-4dcd-acb6-778290e30c7b
bbb45c3e-5c5a-4c04-8ed1-2cfe479bc252,42c9de57-b40f-4203-82ec-85a25bc8c9da
f2b98424-8107-4e4d-86da-988391d7a69c,32f722e9-791f-4bcd-80d5-ac1f5d9bb2fc
30c71301-2f4d-4b61-8920-215d4a62da8d,c5925b0e-48b3-4a6e-82ed-adc7b207fdaf
3f74b42e-0ecf-48e9-81e6-68c2a18174c1,3b5e81cb-554b-4c78-beee-52edf4981b5f
b6a64a72-f3f3-4b45-91d6-344c891d92d7,75dbbe1e-f422-40fe-825d-c4dcdc5c525e
75ee54b0-5c05-49eb-8630-7d7f434cbbae,a207cb16-bd9c-4722-b6ad-15d0e8481181
a3170aa5-5bdd-4630-9e5f-20704211d88b,e5fd76ed-6b8c-4dc7-836a-16282a1b74a3
988398b6-b647-4760-b0e0-48f7d58f43ef,6aabfaa9-b3c0-445c-8f0f-06faefb2b469
e5ae522c-fad9-4bc2-84f7-11afb7da56e6,9f435a1b-24a9-4c6d-a6a3-bbf20c1ac44b
379daf35-c8cd-4ea7-8127-0073ace3a90d,74d5deb6-1a21-47dd-a153-60849cfbf03d
61178362-d522-470f-ab31-d5cf229d9f62,fa29767e-4ac5-4c2e-ba96-5e353e229659
3de57013-7d4a-4b55-aeb0-71e77bef8d78,9af787ea-9a5c-46fd-873e-4ae658cbc5d3
de66eda0-26b2-404b-b269-9e62a88be8c6,3b0ada4e-1a08-48db-b684-903b1e1fa76e
afac3535-1705-4393-b106-b903569d4098,f1cf1b8f-e34a-4db0-8f46-0bdb613150ad
0fe732a6-1df6-4cb9-aad9-81518f49db60,f9902fb0-6efd-46ba-a3b6-c3d95c08bddb
f8994cb2-6b90-47f2-8a33-d09f9d1bbea4,eb3a9112-0433-484a-ae3b-4a586894b4af
619f1be7-ba5c-4f1e-9316-6f8aa5ce911e,de3bc51f-a09d-4004-afea-54b50068ac94
a3f609f3-4fce-4229-9984-bdd92de4ff0a,3b0ada4e-1a08-48db-b684-903b1e1fa76e
505d6637-fab1-4539-aee0-7e1f8db617df,eb409b80-8e70-4b07-815f-143144a963a6
41be4c6b-ed58-468c-bc8c-acc98a5711cc,db3eb28e-d236-4e0a-879f-e1a57fe8f5f8
ae37bcb2-9432-4892-8601-8e3756f5fc00,d3e5078b-7ac9-4d5c-a34b-8cd6f6280525
afd06244-0657-4a58-bc5b-8e18233285c1,7d081eca-c2ca-4f8c-9703-88fba9f3e9ec
a9042585-2bc1-4719-97b5-da935c62aa5d,3f777657-7b7a-4c3b-b817-0bd1c930d337
20202b46-82b3-47e8-ab22-65e3c1aaf943,6184eb9f-3728-4017-a827-e6621c1009dd
c81889ff-5bc5-40dc-b047-d72625d407a2,5f7f99e6-40ba-43de-9e3f-fc8bb895e976
4973bb40-1675-40ca-a3af-d0ca0c57bc6b,bf1dd3ca-996c-47d1-b042-88d63ca0af24
33a12f0b-00e4-4fb0-b518-1e35567a2f23,ca262d01-7a0f-448c-be3d-2ef9952997e6
a8e331cc-3649-4ccb-bb41-f671efdf4e9e,6f725b3f-5b5f-465b-acdd-870405e88671
2818ca70-6249-45d3-ac62-889ba6704321,1b89e83b-7bc2-4a12-bd7f-574776ff02fa
209ef720-0b05-4448-86bb-cba71683f665,27f141a6-092e-4330-b37f-048134330522
89a6f7ed-992b-4820-95b9-0ce808cc67d7,8f3f6411-ac68-4c56-bda1-f0ecdc3621ed
4790f9a8-caf7-4290-9e4c-6998db2da703,494e49b0-6ffc-42a2-8111-e1cf68b80378
3dd720b9-f8c0-41ba-92cb-d3a7c7ee689e,84763366-c73c-4464-a52c-dcdfe09efc8d
72e115fc-2890-44b6-a74a-9100e6affccf,b669aaed-ed1f-4670-ba03-71825e6bcad5
c8e721f4-4e31-4d2c-b17c-89245b1c39c3,468bcc9c-1287-4556-be6d-de1774c8be6c
60189c82-3497-4b1f-bfab-ee44d79e0c90,b05af6c5-ecf3-409c-83be-661786962bc1
8eae4ace-654d-43bf-9292-9b138c205ae7,e99796b1-0a7a-42d5-9f46-c41886ff0e82
1b79cc2c-c4ef-460a-a65d-d94dd28d6967,a9f86a8d-3c38-45ab-89b0-b0e0dfac0a7b
64ba8b72-70c8-474a-ac2b-937891f6b651,8eb2e5a0-b11e-4e55-9f58-cfa580044c0a
0050570f-cbbf-4e60-a520-c331829a2a08,f15083d3-3253-43ca-89f2-d9d2c501d866
eaabf4f8-376e-4e64-b822-d19c69742d79,5e3feef3-1f77-482c-adfa-d41d9af637e9
d64548d7-dbb7-4e49-b045-23f628b5b03e,33d19edd-0e45-4cc3-aad9-98ec12073bd0
16d8bdb8-9d4b-49fe-8e9c-976f43f6c4d9,f38b3dbe-905c-4942-b695-0ee02f9badbf
11e9ffaa-f615-4a07-a6df-c1192ebf1bc9,95f7ae2c-460a-459b-baba-e936d0227c36
7befe865-b94f-4646-a120-7cbcc4414a3f,a2e5c7c0-1aea-49ba-8398-d8eba3fb0275
e24cc4c6-f49d-478c-9d00-4368dfcd1cd9,ccf443e8-d68e-4fea-87ab-ae39c31ef91f
ad85bcc9-3204-4365-9ec9-ec0a781c885d,5d72b91b-816b-476a-a75d-91a772bc2b97
e8972b51-6186-4292-8bcd-0fb5e0658fdd,8476e87c-78b1-4fff-8078-3f7dc061c61a
d187bd2b-e297-4e60-9ae1-e0de9b709b24,9c2e97de-b6cc-4f9f-bb2a-8dead7f59d83
1d3e1042-6681-45f5-95b5-8418e62e84f1,848130a1-8ae9-4307-8e58-0961b478b506
fb51338b-b7c8-403e-9f29-90a257539aad,4d1d6f0e-5f14-49c3-b95c-53f2bb20eae8
29d98ca9-c4b8-4355-94e8-7b34ac342fac,70979932-2563-4684-ad2c-cde0063cf143
04cfcd9c-3841-4ed6-85a4-036a2783efb7,03223eca-27ef-4793-9f1e-ffc006f11061
1dfc5381-a005-43b5-a4b7-a91d5581c564,813195b1-1215-4d90-bd13-1215434fb9e4
bbb45c3e-5c5a-4c04-8ed1-2cfe479bc252,7cbaf4d3-b3f7-4a36-a87f-e08b89fbbb22
c24c2606-0972-4416-af22-a4cc317b07fd,28ea5f9f-6c1d-4f0f-9acb-e810f3deecfb
2652fcf6-277b-4f00-bc21-62ba9cc028d3,87bb9b36-821a-4e25-9ccc-51a3fa909234
7befe865-b94f-4646-a120-7cbcc4414a3f,daa5eaa5-8019-46b7-afd3-d4361a7e4518
4e916ade-be87-4f78-8ab4-1880fb845ce3,bcaaa417-2342-442d-ae95-8fbb945ebf11
8eccba52-010d-45d8-9a4d-e6fb99c4292a,fe091ab9-4dc8-4e5a-b222-babca0fe493f
be26a2a7-df6d-4a00-9330-33b103b4f4c5,7de546a2-025b-4d66-89f9-fc561bfb10fc
1f99cc46-f1e8-41fe-bc86-acd6c3ddd35f,478d4e9f-c9f3-4abf-9c21-ff2a902a8c5c
f1a280ce-9ade-4de2-9a60-3692ee9e8fbd,f8dbc77d-5f72-416f-98ed-2e3b0ebf3d5b
393efc76-275f-4412-932e-4a0c6c0081d9,2ea7ff9f-4db7-43c6-966e-b839514982cd
5179687c-9b2f-4f37-a3de-9089c6c3fdf2,e1ef4817-5b61-4042-ae49-b6a6c5cf0eb2
f4f3f12c-02f8-457d-966d-6ee8b886083a,6986a800-03db-474d-bcd0-52e66700391a
7ee58aff-09b5-4cdb-a8b2-9f28c40c68f7,089675ab-c412-45dd-99f3-2865b5ebd6ab
0f8a1aa8-10ac-4160-a212-edc36da3620f,77c74f15-7521-4283-88e7-ff55219a1d95
5b71e5e0-951d-4422-9308-48e365fe0782,a67f5a67-003a-4ee5-a316-d647e3d629f6
748feb64-63cc-4fbd-aebe-c350d34d9e1a,a5dd3059-bd1a-4eb1-af01-c0a16eb2252c
01144069-fef5-4c4f-8f72-7a0a7f10fff1,9accb4de-61d9-4ec0-884b-92946b484c18
a5ec4c56-846f-4683-9da3-863f1325ad7c,d3e5078b-7ac9-4d5c-a34b-8cd6f6280525
60e82708-f296-432d-a386-e3f5cc576d6e,5b04c4ca-2c00-48be-9b51-a94dcb27a7f9
bbb45c3e-5c5a-4c04-8ed1-2cfe479bc252,8097064b-e61d-4076-8654-dda9016532f4
e75a2639-5996-4633-ad7d-4817c89cf1f4,f1cf1b8f-e34a-4db0-8f46-0bdb613150ad
ad17d6ff-56aa-447c-b5de-f8ddf7d90702,66e20efb-fdb4-4f01-8034-6b0b273e8a25
1f873024-3720-4196-ade1-c6503306b1f3,3ff16038-8390-4e8d-986a-ebb6feda4040
6af397b5-a062-4587-bb0e-16831094d828,ff157178-f78c-4a4e-b223-2d4aab3d16b3
