71571980-3487-4d43-8f91-245adb861c05,ccf443e8-d68e-4fea-87ab-ae39c31ef91f,10
b2a38480-59b7-4793-82fd-a7c4cfddb7fb,830d5339-0630-4389-a57e-1b7bd4f8e0b1,0
75aa3d5a-f552-4d09-b879-9da309c1ff9e,9782c86b-6e8b-4f13-a250-bbd3577dab3c,10
353d8a25-041b-4bd8-a5ef-516928500036,6ce29ba6-a073-4b3f-ae5e-3f3aff05727a,0
625cd678-b77d-442f-8a49-08814f1b56ee,4488657a-6c47-4162-856c-74d91af91f12,0
9c121da2-2506-470d-966e-8a72c43e63f4,cba7137e-aed8-4d9f-a4aa-197f2e8e425d,0
d5511df7-7784-42df-8394-2beee7f25826,d699533e-607a-4e0f-a08b-e5d3decf5fa6,10
287f9dcf-602e-494a-9eaa-7597ae36b6e0,a7e0fc3a-2c0d-49b1-b0fd-b393a463c8b0,0
07dcbce6-e9fa-40ce-a5ae-5da2aff869ef,0281ca26-6928-4fc8-a0f5-9c32f6ec9754,0
209ef720-0b05-4448-86bb-cba71683f665,4488657a-6c47-4162-856c-74d91af91f12,10
6414df46-a2ff-4daa-94f2-0c6a29d90016,293a1908-1ee7-4028-a1a5-15c8d215eb38,10
304a2b63-a466-467f-b55f-6080221c0485,f8dbc77d-5f72-416f-98ed-2e3b0ebf3d5b,10
1d3e1042-6681-45f5-95b5-8418e62e84f1,ad0f8455-32d8-4d8b-8589-4ad0dd68d164,0
f904a86c-cb54-49fa-9041-b6f6c5fe9861,dff28afc-9361-4d81-b41a-b1407dc1fabd,0
8d710183-ddd5-4a95-83ba-3f538afa98b0,4e026910-4581-4155-8348-8c0be18c4175,10
631ee841-e3ab-4b51-b2cf-c50c5ace012f,05011722-23ca-4ac2-93b0-4bef5cb49340,0
a6415b26-89a5-468b-ac6b-ec18a94fc43d,0196f47d-75f0-4204-aaf1-4cb676213522,0
8d43b159-414c-443d-9c5d-52e2a355e69c,f91efaae-94b6-41cb-bd88-7135e5a02fa6,10
b45fac79-5c39-4413-a2a2-0930434406ff,9af787ea-9a5c-46fd-873e-4ae658cbc5d3,0
630167f5-6998-40b7-8978-5f9c4d1afd22,bdb230ee-98bd-41e8-bbea-1ef9dd6d3aab,0
86f225c8-bc68-472e-a0e5-274c7033ef65,0425cd9e-32ff-4e30-a33a-68d260c12ea8,10
c1741294-c71f-4583-afe5-978d1360c84a,edb1adfe-5c0a-40bb-924f-4860960071a5,0
75d58247-4f56-428d-ac0c-0430d03f5774,51c2d739-1f03-4ecf-ab99-437702ed03d5,0
e28a4f9c-8105-406c-8e60-269cbf882f95,fa5a2bea-a814-4187-b685-a44d376f0a1f,10
cf602a35-bb9a-4325-b0df-f4d9d538ceec,e4053440-cd5a-4560-a59e-29c136c9b775,10
bb8f25c7-11bc-44a3-a90c-4403ee88eed1,0196f47d-75f0-4204-aaf1-4cb676213522,10
1cdd0565-5812-4d43-8860-7710e0b377e1,27f2edc6-ce72-4b2f-970f-a72dac8fee43,10
4acb3eb2-67bb-4545-aac8-6ae25f0c616c,d64b3861-8063-41fd-a67b-4e41f909df99,0
d5b6937c-7600-4ce1-b94c-2d9f9cf77049,989388f9-63be-48f6-902f-d6128c44a3a3,10
72e115fc-2890-44b6-a74a-9100e6affccf,60ffaaf2-738b-4932-bed7-2602f9ca8b32,10
80c80267-2799-4eaf-a983-bd7989969c41,6b1a5ad6-8e47-454b-aa89-e9958c336347,10
346c3ff4-0076-42f2-b348-6c3b4241a037,2bd5afff-e9c5-49fe-b9c6-d19ebe951fab,0
8a7e33fc-1d91-4ed5-a0df-4e841ea1c156,2f17183e-cb68-4068-a900-adf4ec9f83a0,10
5f35f505-eb7f-4d69-a8c9-7df854347b27,825a656a-c7a3-4b64-b3d1-85c6cd0276c8,10
d7126cee-d879-4a67-80e8-9ec8614f74b2,9cc3d9c8-7db0-4688-93af-66d6d7c106fb,10
fb67291c-c220-4e23-b013-cff9cd697251,4ec0ebd8-7fe5-43de-8198-d3f5b10c8af4,10
11aea95c-24d0-4fc5-8343-cdcb359ac54c,aa81e749-b909-43d9-9562-d50d0aefedab,0
76918181-04a5-49bd-a767-15e004edc038,8b275b1d-1b6f-409e-a259-c9f4243edb89,0
bb797a72-a5cc-4396-ad28-6b46c4746c62,c9376f07-b1ad-452c-9fc2-7796b1138236,10
f047eaee-871e-42d1-a671-540c0b003017,587d1bff-15c0-4520-8d73-fed180eca5e5,10
cbf00459-0196-4065-82ea-28fe1dba3796,5e3feef3-1f77-482c-adfa-d41d9af637e9,0
5a0d2dff-c453-46d8-8399-9c889cee8b7a,6c2cacb6-abca-4595-a31c-116de87f3848,0
79848bbb-82e9-4df0-8714-bde21d5ba128,b3f1b4eb-0564-405d-95b3-78deb9866efc,0
d82f07d6-ee85-46f2-b38e-b3671481637a,b82695aa-8ec2-4858-8afa-a4c74eeb0206,0
6e9d66ac-2cf9-4961-a11f-900b12021255,48e7eb8d-0573-45ac-9eaa-16ad0b9226dc,10
1276ef28-26f0-497d-ae94-4a5396806d4d,073dd908-d212-4e65-99ae-6ed51e9034ec,10
b76ab614-b5bc-4e7a-a925-383e8530264f,def195bd-1028-4e66-a26a-85df41b494a2,10
c7c20a19-e60b-4308-90cb-d3a21b746bbb,10efa0a5-5153-42c6-a0eb-86ce6eef8cf7,0
586f4523-19e4-4d81-851f-3fab2d6db4aa,c4a4a134-937d-498d-9d7a-b4f7c5cf279c,0
ab8facff-befc-440c-b176-4cb8a253e6ad,d6edfe68-68ff-4c76-b38d-7f56beb9bb51,0
99252151-01b2-4cd4-b2ed-09921e195d8a,e23a6288-d8b5-41e0-b0e9-e80a39ae7112,0
14354437-c512-401e-9e6e-e0ff7837c5fb,0a71de59-e053-4975-83e5-760730757506,0
f7aa3f20-a430-4c3e-9a13-0e46a3420a0d,2cdcda68-f2eb-438c-be01-768f8255154d,10
79848bbb-82e9-4df0-8714-bde21d5ba128,5bb057ce-c50d-4e6f-aca0-be6f8fe7b34b,10
47999393-b250-4e4c-8588-b5ab3a3436f3,dcc6cfac-c359-4da1-8674-99ed351c0ec9,0
b0bbe5e0-ac83-4fc7-84f5-2b04a6430522,a4448d0e-18dd-4878-9510-0546ca6ec4b8,0
5229588f-f415-455f-a54c-0e2f1deabf97,3e7ac1cb-84ff-4e42-aeeb-412a49cd342b,0
a2ba2cc8-6ab9-46d4-ae70-43ad438b29f5,a2ed458c-40bc-4b81-8b8e-6c6614d41715,10
3505fc9e-35a4-41af-a8b3-bf46d6d9bcd3,3ff16038-8390-4e8d-986a-ebb6feda4040,10
645c0453-d564-4c70-96bd-89ae27385efe,96ed5af4-a8e3-4d6c-a1ac-9369ccb45794,10
503885a6-45f4-4590-9dbd-b80b9c88acba,e98357fe-c083-4680-8e5d-9f1c74b7f595,0
b35ea01a-6d36-4970-b98f-b1d3f91931b6,ae2e2128-9b66-4739-9427-2d1efc7e705c,0
a3c3ee1b-055f-4afd-ba26-65c5c2bdd151,aeee3703-1c39-4110-a978-9920343beb87,0
d14f1b2f-0494-41a1-83f5-e09bb22e98d7,2b932e13-3d13-4977-8d48-2f767c4e51db,0
afac3535-1705-4393-b106-b903569d4098,627a9214-0a0a-4dc4-a266-511a51a50d15,10
b0bbe5e0-ac83-4fc7-84f5-2b04a6430522,f23969a2-f044-418f-905f-ea8e8ac73d52,10
e2431178-03e3-4d75-b2e5-8c3c910e326f,30d447e7-08eb-41b3-9fad-d3a22464bdcb,0
e9ec68ab-c0ea-4b84-b924-8960fcbc8e3e,889626a1-d2c8-4b90-b445-c24cedab28cc,10
6aac1b37-94c7-4f5e-857d-ce1765a4dce6,7fbf3ed9-0982-4af6-a00b-b742cd79a62e,10
a574717d-005d-49fd-af42-560e4780e192,1a45e7c0-c0f9-4d6c-8cb9-6a40a75d64d3,10
04e2bac9-ee20-4301-a278-482528c1ab31,bf1dd3ca-996c-47d1-b042-88d63ca0af24,10
30c71301-2f4d-4b61-8920-215d4a62da8d,1fe5294b-3169-40b5-8e44-31e1e5aa14dd,10
dc83be52-f849-4c73-8fff-0a271af18f59,93662d79-2caf-4aa2-85b7-bc24547e2922,10
fb67291c-c220-4e23-b013-cff9cd697251,848130a1-8ae9-4307-8e58-0961b478b506,10
83fa0a3a-f5a4-498f-a4ad-5669a8b05852,28268faf-589b-4831-8db5-91f7bf382d61,0
ee8bbf42-3d3f-4dcd-836a-65d3cc412493,848130a1-8ae9-4307-8e58-0961b478b506,10
44bf4c10-1059-4de7-8a9b-d098178d978b,e3c0f710-802e-4ef5-9f43-9a6f40c3237e,10
729e74c3-2ce6-445b-92f2-fac4e2db47e3,ebb33283-01e2-49b2-b1e1-ff741ce8397e,10
c1d60aec-8d4a-481e-beeb-0128dc7c6e98,5128e544-d859-429c-9f36-13e3ebc2898e,10
7a255161-1553-4356-bc77-5b5dc04fca15,a8cc25fc-e515-43bc-8cd4-e5168370ef61,0
a5ec4c56-846f-4683-9da3-863f1325ad7c,323f679e-bdf4-4a91-992e-007bc3ccc266,0
908d2397-63b5-4edb-b65a-a1895d2d3afe,92fd43bf-3e8e-4fb4-8902-528335293297,0
ca91b4f6-b57c-48fa-99b5-15571dd17b0e,58e16581-0549-4f24-83cc-c7f9ff87c876,0
bb797a72-a5cc-4396-ad28-6b46c4746c62,d49499d5-946a-4180-a022-a82697ef6fa7,0
b4c6843c-c945-4863-97cc-bba7992ff4c8,0e54a089-4b2b-428e-aa0d-17ba94c34a33,10
1c798e4a-14f0-4509-835c-3ddbf47c12a9,29fc5b7f-26c1-4f3a-9446-0e57dd6f21a1,10
fbc9407e-6d4a-47ce-bb52-5a25203b3baf,a36e0b6d-219f-4a00-89d7-58418855ee42,10
6095699c-8dcc-4dcd-ace6-408d3f988970,91568bbc-4cef-4605-bb99-79064fa6e5e2,0
a0925da5-b4f3-4d42-9e7b-4bb792edb088,121d5a80-96dc-41b9-9f13-c6743b7b727d,10
8f9b99a4-bd9e-4677-895a-420ce788c5ed,c76ba195-941b-4cda-9724-afeeaac763c5,10
f0e934ad-9e49-4043-8667-27d49313227a,dff28afc-9361-4d81-b41a-b1407dc1fabd,0
95ffb99f-d050-4be9-9d2f-030017e3de3f,ba55d936-bf4c-4529-b95b-7bc4860cec66,0
0a657f54-2b4c-446b-ab13-7dd0fdb8fec4,0b2cfd27-15bf-4b41-a8b6-236c210333bf,10
d5b1f073-2266-4491-8fc7-15137b61f0e9,bafe5087-5276-440f-9f7e-1c25cddf86bf,0
83fa0a3a-f5a4-498f-a4ad-5669a8b05852,b05af6c5-ecf3-409c-83be-661786962bc1,0
a9c6f1ec-a7cb-4af5-b1e5-946d33303541,b6c22743-aec9-4263-8e20-beb1ebf4f2c5,0
4261bddc-fa94-48fa-8813-8ea327656b83,5d0ce9b0-5267-41d1-aae9-d2f46d3eecd3,0
dddeea46-9fe4-4d40-a0b0-fd3fcc59ef3d,b1b9a13f-c801-42da-b596-4ee0761affd4,10
54421371-a530-4657-92d0-7a6495327b2a,dea15e54-6bbd-4565-8133-ab26dac89a0d,0
e09de405-d26a-49ed-8a3a-875279d905bd,c7474d68-4643-4c00-9c68-56d79550b61f,10
8e8c113b-c421-4c69-a119-c99173d73976,daa5eaa5-8019-46b7-afd3-d4361a7e4518,10
2cf37f54-7801-46f1-9004-6ded79ca9f5c,ba64e8d3-41e6-47f5-8f85-e34a686c0fbe,10
50c5759f-65e9-4f49-ba04-e94d15affc9f,2aaaabf2-6b02-49ed-962f-ac2cd366fafe,10
4bc3e2a8-6a89-40d0-890e-b120f8792cd7,acd91647-ae43-4844-8a42-9eb7f250f553,0
eb0d891b-a3f5-4b96-a04a-9be53f294789,e6dbdc27-3874-4886-9358-864c5caaa6d7,10
42aa043d-e991-4c4a-a257-20c39d44f7e0,02e2c9fe-036b-4a33-8806-c014837ec653,10
73d6527e-67b9-4229-9eb7-6a9ff9c83c56,b1ff6c11-ddb5-41a0-a865-5d8fbceb6103,0
eda74eac-0389-40b3-afba-af5e9c4c04da,95350e11-26f8-48b4-939a-0c4c6b274254,0
e713376c-65c1-43c6-935f-b4936169f767,1a60552f-555b-4eb8-9d1f-25237e8e9478,0
fdf14ba2-bb43-4e37-b451-c8d1d3c1952a,ff157178-f78c-4a4e-b223-2d4aab3d16b3,10
b43bf1de-c463-4f5b-81af-55a81f95e21e,8d41e51d-50cb-4565-8510-9a827b43633b,0
b5503228-eace-4e2b-8345-42eb78031ec2,c18acaea-0dcb-40fe-9104-93ff27fa2181,0
67683837-84f0-436c-a996-bd2915bee288,62e05404-86a1-40f8-b887-d555ad83ba1b,0
df7d958c-87f5-4c61-9e0e-0ca9bbfd567e,bbe7dbaa-c8b6-4091-89d2-1170f780d487,10
21d127dd-26a7-4e6c-9000-207a92335698,acaf1550-5547-4491-8339-80206e363915,0
59cf8af9-2962-4532-96fa-0d5cc56479bf,b43e524f-7f86-42d1-9a43-ca708ba09708,0
02aea64e-db62-40eb-8a11-bfb96ec8dd98,a3fd7988-dde0-4a87-893f-54034f309141,0
a8e331cc-3649-4ccb-bb41-f671efdf4e9e,aeee3703-1c39-4110-a978-9920343beb87,10
f8a91d02-bf7f-4580-9309-dccd1ca0d6ff,f4d53d23-05ad-4836-a87f-00218f88d914,10
74603197-3990-47d9-b09a-f8ee7dea16c8,fa29767e-4ac5-4c2e-ba96-5e353e229659,0
30b88936-fa21-4654-847a-f0427fe1069a,a6ea0df0-55d4-4c46-b499-7eaa41eec38f,10
5f67c024-b70f-49e4-a7b1-1681639315b4,f375d42b-85c1-46a4-8f20-d9a65d0d88cf,10
76ba2522-0f4a-4e7e-9dd2-78bedbe14195,70415dfc-c791-476c-bdca-f532f7d38d07,0
c622555b-9a72-4221-88f7-456cb4e61da4,4e0c0854-d8ba-4c71-8c7f-0d5b7a7be35c,0
46736dd3-013a-4a59-8639-18a10cd9b25a,005bbcfc-b4aa-4d47-a7d5-b67f07a23228,0
5f371ba1-d5c4-4838-98a2-7b20478f0f99,1654aef7-a940-4694-a8ea-2a80ab49d966,10
76ba2522-0f4a-4e7e-9dd2-78bedbe14195,18b9a62b-725f-40cd-a3c7-824255f26cdc,10
a3a95b18-fde3-43ba-9e26-3391d0345370,f0fba419-9cb5-4a26-bae6-c75fc35a8577,10
748feb64-63cc-4fbd-aebe-c350d34d9e1a,749a134d-d039-47e1-b46f-a660c6d3ab62,10
6f2d3d97-8ece-4f31-a26b-4b8a4ea3b05b,5bf97f82-635f-4784-8977-45f66040bf59,0
4e71ddd3-71d3-4869-bcbb-f71b67abecc0,62968966-e756-43f2-ba73-b197d902fe75,10
1ae3810b-6b5d-4957-b64a-7f023b061684,d3857dbe-4072-40b0-811a-13580bc791b2,0
a3f609f3-4fce-4229-9984-bdd92de4ff0a,94cf62a2-44d5-4484-9c3e-63e8717d1126,0
c81889ff-5bc5-40dc-b047-d72625d407a2,f25597f2-362b-433e-a687-f9c226be919a,0
d696f3a4-badf-431e-b322-322471ba854f,7dca40cf-8aeb-4094-953f-f208cb417db7,0
6dc4ebbb-b8b4-4e55-ac16-76961451d616,77bdc5f7-fcf8-4373-adeb-8d444e1818e1,0
9cfddeff-5f9f-46bc-bd2c-fb1326b4181d,0425cd9e-32ff-4e30-a33a-68d260c12ea8,10
d5a5b177-2147-4391-a168-3e6e4f240813,ece7d8a5-9d04-4555-b817-9d7ecd60a1c0,0
e8dfb2a9-cb54-4d78-bbe1-0c316368c1c8,20ad250b-d8b1-4401-ac26-a23ddbe481e7,0
d81f83a2-d682-4480-bb18-3e9fd90edc15,62374cf8-fdd3-4310-9256-01dbc1424e57,10
54a005dd-b14a-4f1a-b2cd-a077c896e63c,739d3e98-e552-4f58-a9b9-4f5e3dead81f,0
6095699c-8dcc-4dcd-ace6-408d3f988970,f6054308-3cf4-412a-8797-2dbd681d78cc,10
e964616a-3be4-4149-bd5d-2a11b923e5b3,29f606f7-d6e8-4f04-9371-eaa99fc8b885,0
cc0ee069-d7e0-4dce-aa82-74546cf58a5c,b920e49a-cbe9-4c38-8ff5-1a17b93ef8d0,10
b01c85c3-291d-48fc-a43f-13c0d79cd796,c622e326-a53d-4e99-b99d-0fcc721c890f,0
33745313-539a-4453-95ca-b84c8a64fbbb,23c1ab0c-1ae4-4457-b2cf-f11b92149e99,0
c261aac6-fb4c-42d5-a3f7-f53aab6a2f17,dc349a3d-73f4-420f-869a-864d771f7309,10
c2f350ca-a46a-4a5b-b73f-17a036336967,66f1ea99-ebf1-4992-9799-f3af6cf73510,10
b4c6843c-c945-4863-97cc-bba7992ff4c8,866f529f-38d3-455d-bc1e-4368aab9c510,10
f0de85f4-85c2-4aa6-96aa-905d955af907,a104cacc-a60f-4b9f-9269-083db85382d3,0
505d6637-fab1-4539-aee0-7e1f8db617df,20559dab-4d34-4e09-9437-89deb68ba442,10
07f5e245-cd42-468e-a98b-68cf8df7707f,c29ae1e9-c917-47ba-8057-db70fd5d1d44,0
77b78223-4d39-49a6-b8a5-37bbae4e2ca9,bc9258a9-2ae8-4e08-a1f4-7bb2878fb877,0
9d7ca7f0-3e35-4663-b493-dcde94f0e60b,a90e0464-9e5d-4965-b4f7-548db5448a42,10
8c236cd7-29a3-45cc-af62-597f0206f0d3,24a75c73-0027-4029-9c62-1819a157bd69,0
60e82708-f296-432d-a386-e3f5cc576d6e,8532054f-07ce-4ecf-9887-60aa9dfffc09,10
94156373-f85c-4caa-8310-5c92f7861190,7271dcae-959a-448a-9d4e-0c6d4f71bec2,0
f7f4bbc1-a9ab-49e1-b6c4-6ec228869b83,af70a213-2303-4d29-894e-a8a180a77275,10
bb797a72-a5cc-4396-ad28-6b46c4746c62,350c6a62-9194-444a-bad0-5fd10f171f1c,10
2cebd390-78b3-4a49-b1aa-75aeb22b6d87,27299a44-4a07-4f5b-8504-c91d3b83844a,10
bea0f9b2-c399-40e9-aaef-2984acc305c0,b1076b64-3157-405d-a4d7-f247e4dd470e,10
6dc4ebbb-b8b4-4e55-ac16-76961451d616,6690ee4b-bfca-4b3a-96d5-3f1f3189be49,0
763981df-dcb1-4c6c-8116-33749106416a,aea954b3-3548-4b30-ab27-32e5c3f4cdf4,10
385b2a3b-729c-4692-b472-6425a77bbea0,823bc475-b068-4bff-aae3-e4491d90176e,10
49f10619-70ac-464d-ae05-844f4b3bcf0c,27df01cc-9ac4-4e9e-a86c-f62fee1e68dd,10
76770478-762a-45bb-80ab-17c5df7bc903,373ca3f1-7e7a-4d7b-afed-d297c617c979,0
f534d246-7a7e-4fb9-96e3-a134d0c8e774,75dbbe1e-f422-40fe-825d-c4dcdc5c525e,10
1cdd0565-5812-4d43-8860-7710e0b377e1,b6c22743-aec9-4263-8e20-beb1ebf4f2c5,10
763981df-dcb1-4c6c-8116-33749106416a,aeee3703-1c39-4110-a978-9920343beb87,0
f2b98424-8107-4e4d-86da-988391d7a69c,bb39890d-260a-49f6-ba41-58185240401c,10
d8f76a80-f3de-4f31-9431-930cf74a4156,75ed6e11-9e99-4899-9bd5-bf6a7cee3055,10
25e3d8bc-6063-4bb9-bc81-58e9cb0428e7,d3937e4d-e4dc-4e7c-acdf-4bc8d89a6794,10
33d98a69-2777-445e-a7de-c06b977cf13f,94640296-e856-48aa-a746-6d42637385dc,0
379daf35-c8cd-4ea7-8127-0073ace3a90d,1f130ddf-58ac-45df-9291-302fce40dfe2,0
e68aae5b-1e76-40c2-a5de-87daff422807,25a07dc5-775b-4499-8574-a3e4e9b9fca9,0
80c80267-2799-4eaf-a983-bd7989969c41,fbaf3594-e051-4df5-9f79-ea97a609f433,0
089a0cc7-6c59-43ce-874b-ed3a9d54a005,92fd43bf-3e8e-4fb4-8902-528335293297,0
94156373-f85c-4caa-8310-5c92f7861190,18879a02-9366-4d5b-8b1e-a91c937892c6,0
f371a112-6bef-4c8f-9443-8691beeb32a0,781fe903-13d9-43b6-92ec-d2b2ef88b63e,0
6d88d25a-6360-4681-8027-0d5111e4f51c,6b1a5ad6-8e47-454b-aa89-e9958c336347,10
3b8c0027-0b3f-4c3f-baf2-2dfd28896472,341f8012-0cbb-46e9-bc26-1202d1e06246,10
972ca434-0524-4cec-9e32-28f57586f2a1,5b9f118f-5354-404c-8793-d4fd16327a15,10
83fa0a3a-f5a4-498f-a4ad-5669a8b05852,b9f9364e-132d-44c7-8042-71f1e9d29da7,0
25e3d8bc-6063-4bb9-bc81-58e9cb0428e7,fc19c27a-5dce-49e3-9542-bbf1361a9450,10
0516eca2-86cf-49e6-aa9d-9d4e9a24561b,4dfd4b0c-9795-412d-9167-3016904ee0ca,10
6f2d3d97-8ece-4f31-a26b-4b8a4ea3b05b,25668d15-72cd-4345-9c1f-fa096f9521a0,0
6ccfbd94-7f31-46b0-85e3-2b40e275c3b6,7cbaf4d3-b3f7-4a36-a87f-e08b89fbbb22,0
53db0b58-decb-413c-b16c-9e1657b7fc76,3b35fd0c-d8d6-49b2-a207-bf1c0a4b345b,10
e9ecb86e-f57e-4fa4-8439-e722f56adb82,511ced22-f2fc-430c-97c1-5d68edd389a7,10
db64ca58-0073-4731-ace1-156894a3444c,0f37cf68-1179-4c02-9c90-537cef9aaffc,0
03bbad7a-782e-4748-88ad-dcd2037a102f,cba7137e-aed8-4d9f-a4aa-197f2e8e425d,10
8f9b99a4-bd9e-4677-895a-420ce788c5ed,70415dfc-c791-476c-bdca-f532f7d38d07,10
dde7289c-b175-4e72-ab37-e7a5d2540f7e,4fadb73e-ce55-483f-9887-dfd99877aefa,0
dfb62d57-21a8-42f0-80d8-b9d4c8604fb0,d35d930c-315c-4a1a-94a9-be83864626e5,0
0dfc1a0f-7b7b-4f1d-a555-70c279e9a207,eb2280a1-0dd5-4e74-89d6-3e71319a9903,10
b4c6843c-c945-4863-97cc-bba7992ff4c8,735baf44-6d83-44c2-b6e3-0914164c0450,0
b6de0de1-8dff-4374-97dc-3d15ee4597e6,3e7ac1cb-84ff-4e42-aeeb-412a49cd342b,0
32591d31-254e-4c74-990d-ef799e9a5a03,ac366d77-237f-4676-b75a-7112bce7325b,10
75d58247-4f56-428d-ac0c-0430d03f5774,a8305ec5-adb7-40b5-b8b7-7f3ea7f489a3,0
48e40550-06cc-4615-b723-f1a856bdbb92,4df15d35-ea23-485b-90ae-dc7962d17b98,0
75aa3d5a-f552-4d09-b879-9da309c1ff9e,b7ebd118-3df1-486e-875a-7825192bd6f8,10
a6e20ec7-b166-4aab-ae7c-f3ca409d3f66,a775be4c-36c8-4930-88d9-718759483b76,10
356c6546-a030-4803-9101-4961192d107a,a4bd6d22-dc07-479c-9ad5-ac774f04c8bf,0
c3954f2f-c6a5-498e-abbd-ea5425276a82,b1076b64-3157-405d-a4d7-f247e4dd470e,0
e28a4f9c-8105-406c-8e60-269cbf882f95,5d75a578-a8ec-4a6a-91ab-45195d73020b,0
81f556fb-c0cf-41cb-840d-bf4e92e7553a,9334800a-fa0b-4364-be66-e960342d8a0d,10
b337e5f9-4abe-4cfb-8464-1151bacf7d36,816cdfd3-47bd-4e2d-8440-b87e3c7f3676,10
44df330c-9602-4777-b11c-bc8862960c47,cbf834b7-d935-4fef-9407-ca43ac66e8ba,0
658ab3cf-9760-42f6-aca2-a498a4c274fb,1a60552f-555b-4eb8-9d1f-25237e8e9478,0
f69e18e9-6db1-481d-93ea-6eada824ce61,37124ae6-1176-4fd0-b146-cd6a3869842d,0
9011d58f-1ef7-4a3e-a2b2-6aad4949536d,a67be14b-58ef-4210-8af0-644b3424bd23,10
8eff78b3-3e0a-4162-a018-0062885ef10b,e6dbdc27-3874-4886-9358-864c5caaa6d7,0
e326452f-741b-4c50-82f2-2fea01366e39,b9cb5bcb-b3de-4561-a3fd-8f8fa5a1339d,10
e5469716-501c-4d34-bfd7-a830859ab6b2,aea954b3-3548-4b30-ab27-32e5c3f4cdf4,0
64213de6-1cae-4c46-ba58-2feb79c1d7ec,32f722e9-791f-4bcd-80d5-ac1f5d9bb2fc,10
89a6f7ed-992b-4820-95b9-0ce808cc67d7,15a447a4-b5b0-4930-bf4e-eb0e637baa00,0
c26dc031-cf59-4153-b1c3-d7e3569bfadf,17b9cc3f-e186-4510-82d1-52da1b07cb70,0
7d59dafb-d0db-4f0c-967a-867a2467e62e,9328f438-458f-4541-833e-193413da8785,0
b675f526-70e3-48be-bcd5-74a6171d3f56,9e11b7b1-de48-4784-a8a3-cb14ee793e63,0
515875b3-28fe-4c66-87ce-fa23f240c184,a9468566-ce7c-4e4a-aa8e-c494c68f8062,10
57ae33f5-0bca-4dc9-ab3a-a44efd62e8f1,a7c93d3b-13af-4eab-a5ba-59795e3f9afb,10
4bc3e2a8-6a89-40d0-890e-b120f8792cd7,e1ccbda1-d84e-476c-9e98-e00c985ee904,0
7b64adff-b970-44d5-ba48-9a4d7ca632ea,7a553f30-fa0f-4539-a3a5-36661643abf6,0
393efc76-275f-4412-932e-4a0c6c0081d9,fe8a5b11-beb6-45f2-8965-df30733300df,0
9a4a3275-6926-4039-a876-dd0d59cf847e,e791682c-2156-48b7-8996-9924378a53c7,0
98ec663e-2835-40dd-8445-aa8b137fb834,18b9a62b-725f-40cd-a3c7-824255f26cdc,10
3eeba996-f405-42f4-80e2-3175c9163840,d761c78b-f134-4fff-859f-c38bdeeb686c,0
8c91f6e0-ccd9-46dc-b014-b4283ec920b5,20d8f6c6-52d3-4ee1-bf1e-a1dd696d9815,0
9e43efbd-a268-4c85-b129-15f4c2d5f21c,09f0ce56-79aa-42e9-9819-4372d1851d96,10
ad85bcc9-3204-4365-9ec9-ec0a781c885d,def195bd-1028-4e66-a26a-85df41b494a2,0
1d27950a-ec95-47a8-8973-6744c797b3d3,14715090-850d-4e0c-b6dd-8e5cbb8e0803,0
330ee466-15e5-46cf-8c94-493fbd28acf9,45d34968-df0f-4275-8662-37cb83d40d6b,0
6d88d25a-6360-4681-8027-0d5111e4f51c,8b06c280-1bda-4311-9cea-43921e15d84c,0
0e7d8be9-9705-4cea-b1e2-c590186c01cf,2d223072-f56c-494a-a336-23ebe010e64b,0
a3a95b18-fde3-43ba-9e26-3391d0345370,5bbd0bb7-cc69-4653-9e30-265ff325c628,0
1edf8e89-48e1-4f41-a877-5e2016ec4f3e,09b790cb-fa2b-4f0f-851a-a639377f66de,10
a88d8d6f-2f31-4dd7-8968-b1521f77387e,f0d5e134-ce07-479e-8a42-f5f59bb81ef2,0
46736dd3-013a-4a59-8639-18a10cd9b25a,b0a549be-52eb-4136-9565-37662ef8b472,10
0c72d8dd-a57f-466f-832f-1097312bfd65,d2b20942-6c86-49e9-9ee5-f2ca163d6785,0
be5ee572-ab07-4e48-9361-1a766a582a2c,18b9a62b-725f-40cd-a3c7-824255f26cdc,0
2887a1ec-309d-418d-a973-4fb81c324ba5,bef2f837-d551-4193-bcfa-42468b39a96c,10
75d58247-4f56-428d-ac0c-0430d03f5774,d59f46e8-d336-4f9f-bd50-aca61a2b7245,10
243a93f8-6bc8-4e4d-8023-fae4031412b3,be59bbe7-0849-4b53-ab8c-803f3e671399,0
393efc76-275f-4412-932e-4a0c6c0081d9,37bd0a6d-ca26-40b9-b799-6651d79792bf,0
eaf591f6-7372-44a3-961a-d53f4196a98e,960b459c-c3e6-48a4-b66a-4f843353db2e,10
c4cd197f-ad73-4f81-a530-4f1de989b0a6,b4cc00ea-bfeb-4a35-bb40-362125fcbe7b,0
4b445c4f-5bda-45a2-ae8e-a0fdf3a6f114,95350e11-26f8-48b4-939a-0c4c6b274254,10
4b4762e5-d3f2-4a0a-a499-dd2ddb8a21e0,ee51365f-6da5-439f-accf-bd7d3e5a2c95,10
9c9ec64d-c15e-4c03-979b-113e2d151f4b,39d5b7ab-bbbe-4184-8ae0-c4622528be66,10
9cfddeff-5f9f-46bc-bd2c-fb1326b4181d,5bf97f82-635f-4784-8977-45f66040bf59,10
3f14065f-5a0b-4c3c-a527-76ea831cd0df,a676f0e9-b8c5-4856-9194-7827f5645d58,10
aa32f37a-52b2-46aa-a328-291b53a84184,ca73b697-8768-45ef-8b70-1d03cd3f3c84,10
b6de0de1-8dff-4374-97dc-3d15ee4597e6,74f0fc79-b7ab-40d1-b65c-d4b4fd49f57a,10
8802ae13-f5db-46a1-b71c-8104fcc82014,cfcd3bc3-2ac8-4093-bfb1-77f34e26b0cb,10
80c80267-2799-4eaf-a983-bd7989969c41,eb2280a1-0dd5-4e74-89d6-3e71319a9903,10
eb3d2615-0cd1-43a7-8247-6af19786fad6,1f8f7f07-adfd-4798-be7e-5f68d2da3c36,10
cb585867-2b51-49b1-a83b-12c1d54d4c88,781fe903-13d9-43b6-92ec-d2b2ef88b63e,10
05e3e77d-20a8-4be5-82f4-d17e946a3fda,1a45e7c0-c0f9-4d6c-8cb9-6a40a75d64d3,0
c3954f2f-c6a5-498e-abbd-ea5425276a82,20ad250b-d8b1-4401-ac26-a23ddbe481e7,0
da190b28-05b2-4780-97cd-c7136f9212de,d6ce4180-5f2c-47cf-8611-220f8bbc884c,0
c24c2606-0972-4416-af22-a4cc317b07fd,331e89e1-d87f-4db1-b699-62b4748ded39,10
21e13638-9478-47db-9fd1-04a3e9cb6d9d,37bd0a6d-ca26-40b9-b799-6651d79792bf,0
89f4716c-a3ef-44cc-b9a5-838705a42e08,81a1d9f5-b807-4c4c-9b70-56af17e02fe0,0
5832f24d-461d-41f1-805a-5ab98f67d0ea,d49499d5-946a-4180-a022-a82697ef6fa7,0
0814ac2f-52b7-439b-94ed-b9ed2b913d4d,c283d6d5-e52a-4772-a9e5-cff7e0e1358a,0
500aeb15-32e9-45af-9853-6ece01d7a77d,4e0c0854-d8ba-4c71-8c7f-0d5b7a7be35c,0
9b3bba35-baed-4300-aff1-a6a75c9512ab,e0032df7-01f1-421b-8655-637685b42259,10
9625269f-d761-47f5-bdd9-3ed00daa85ea,e4f22b2e-1c45-4ced-a637-ff58d08e1fc5,10
7b64adff-b970-44d5-ba48-9a4d7ca632ea,2e68b8e4-e659-4f97-bd1b-648ca0d48fd4,0
7f2bdee9-22d0-4522-9c15-8a47443f98c7,aeee3703-1c39-4110-a978-9920343beb87,10
892ead6d-6fbe-452e-93b6-9c635bbb8dac,1d2d7db7-7a68-444d-8ab7-99749cae0ebd,0
521db569-f07c-4ce4-b88a-ec0af76a54b2,67369cc9-3806-49ed-8202-b1bfd75e5efa,0
6af397b5-a062-4587-bb0e-16831094d828,d248a9e6-6a3f-4dff-af06-3704ea588726,10
825ec3d4-8376-4da0-a297-1165525dc388,a676f0e9-b8c5-4856-9194-7827f5645d58,0
d81f83a2-d682-4480-bb18-3e9fd90edc15,96ed5af4-a8e3-4d6c-a1ac-9369ccb45794,10
c2f7b485-9727-4547-a14f-ab967fd1beb2,b6c22743-aec9-4263-8e20-beb1ebf4f2c5,0
67c5fc43-3dee-4f14-b695-6dbfb96e96f4,f5ec9a8c-aa56-4551-97e5-2a7c762477e9,10
d2df0a15-4afe-4417-82ec-11a847d92737,ab8b3fd9-3ec6-4f32-a7c8-9e5265f2e277,0
50c5759f-65e9-4f49-ba04-e94d15affc9f,3416e49a-1917-4819-8ab2-ebf77ee93a48,0
287f9dcf-602e-494a-9eaa-7597ae36b6e0,c0d572ad-67fc-4c96-852b-705561d87e27,10
151a35ae-ac67-463e-a14c-2052ede81161,f375d42b-85c1-46a4-8f20-d9a65d0d88cf,0
49f10619-70ac-464d-ae05-844f4b3bcf0c,314e27e7-4427-40c1-8669-725a3aaebe91,10
176f3d43-77ba-4cd7-a464-c67671c19666,ce57464f-09ba-4080-ac09-cbbed5de9b72,0
1cdd0565-5812-4d43-8860-7710e0b377e1,6cca7f3d-dfd1-4842-831b-7a8748669170,0
9ae789bc-0a31-43c4-8edb-8626e9762985,8476e87c-78b1-4fff-8078-3f7dc061c61a,0
1f54407f-af90-47b4-a360-15e7eba5e58d,60c0bf2f-52a3-4349-bed3-214671904e2c,0
0a657f54-2b4c-446b-ab13-7dd0fdb8fec4,b1076b64-3157-405d-a4d7-f247e4dd470e,10
c2f350ca-a46a-4a5b-b73f-17a036336967,cba7137e-aed8-4d9f-a4aa-197f2e8e425d,10
5f67c024-b70f-49e4-a7b1-1681639315b4,70415dfc-c791-476c-bdca-f532f7d38d07,10
6af397b5-a062-4587-bb0e-16831094d828,4e2d3949-1c96-417d-bec3-ae798754565c,0
15e00d81-1fb2-4016-ae14-019c5c12f8d2,5c284080-7b70-46c8-8a22-485d8caf3637,0
e8972b51-6186-4292-8bcd-0fb5e0658fdd,830d5339-0630-4389-a57e-1b7bd4f8e0b1,0
dded0009-c3ee-4bd7-98d3-2d765db01d8d,73e5806d-f9ad-4dd5-9abb-4f7cbb28056a,10
e8f64786-5dcd-4a9d-9cec-1123c74c4b40,6189105e-1608-4e23-9456-3588956ea01e,10
311ee760-4f69-4f2a-871f-be704692675a,4df15d35-ea23-485b-90ae-dc7962d17b98,10
07f5e245-cd42-468e-a98b-68cf8df7707f,198de47b-55fb-4ae9-aa47-6a6b5bea6d88,0
49f10619-70ac-464d-ae05-844f4b3bcf0c,ff157178-f78c-4a4e-b223-2d4aab3d16b3,10
682b585a-d9c2-4d3e-9a00-8206b359b8f2,b77a46a9-8e09-403d-a682-a135e02e8ce7,0
1ce8c36f-d9b7-411e-9f72-d4b90b462f7b,210e9c3f-c21e-40e8-afd3-61e3fbfd67fe,10
df7d958c-87f5-4c61-9e0e-0ca9bbfd567e,e9f6e962-45d0-42ff-ad65-429cbedd01e9,0
682b585a-d9c2-4d3e-9a00-8206b359b8f2,5f47ab2b-043b-43cd-9444-06b8a186a83a,10
e7eac791-fd48-45bb-9a70-ccb3dcbcc8ed,1edefc21-9dca-4d23-8e6b-ca826ba26a1d,10
5f67c024-b70f-49e4-a7b1-1681639315b4,e188d916-69b7-4c52-8456-749df5ea40d0,10
4b445c4f-5bda-45a2-ae8e-a0fdf3a6f114,28268faf-589b-4831-8db5-91f7bf382d61,10
c95a0793-a079-465f-856e-a34eac23727e,ca262d01-7a0f-448c-be3d-2ef9952997e6,10
89e676f0-72ca-4094-9c59-da05730e7a3d,31c08825-e733-48cc-bc6b-0306e6122b84,0
3505fc9e-35a4-41af-a8b3-bf46d6d9bcd3,503f4a3c-4fcd-4dc2-9009-b15ccb4bb8ae,0
e0fddd66-5983-40dc-8013-d44bb6031dab,b1d34594-0c8a-4859-9303-777b9aa94ef7,0
2adecf19-bdba-4480-9ab9-f2eaa54a8a2a,b241ca66-6aa1-4dc5-9fb7-f9a548dd9db0,10
5342c694-e728-4fc5-8787-27f16f90edc6,96bcf887-e85f-443d-b397-0184499a98e6,10
521db569-f07c-4ce4-b88a-ec0af76a54b2,7271dcae-959a-448a-9d4e-0c6d4f71bec2,10
c28eaa96-d614-426e-bc11-6463940cf3cc,82eceade-34e4-4bd2-b563-9c1bbd693905,10
7abe36c2-1287-4421-970d-8b99937c6021,f308ab60-22c8-4092-a8ce-0846bbe8c2f5,0
1d1e6678-75d2-4783-9094-4f3cbb0448a0,6cca7f3d-dfd1-4842-831b-7a8748669170,0
c2bade34-ce8f-41b1-a2a3-98c2a9b317ef,be59bbe7-0849-4b53-ab8c-803f3e671399,0
d5141159-5695-453b-b709-47700deac81e,1ba73283-2d4b-41db-b618-ee3e4d91184a,10
0957e883-0b59-4396-9372-6049c82c854d,2b932e13-3d13-4977-8d48-2f767c4e51db,0
e713376c-65c1-43c6-935f-b4936169f767,5b71adb1-d274-4a03-a681-5e0f6e1bfc40,0
3f14065f-5a0b-4c3c-a527-76ea831cd0df,88820573-5008-4d8a-9b4e-c42635db9169,0
9011d58f-1ef7-4a3e-a2b2-6aad4949536d,5971f010-8be6-4ac4-8673-ee6d17a0623b,10
e24cc4c6-f49d-478c-9d00-4368dfcd1cd9,af70a213-2303-4d29-894e-a8a180a77275,0
84e11bea-c57f-49ec-8487-8618733c5014,d248a9e6-6a3f-4dff-af06-3704ea588726,0
0957e883-0b59-4396-9372-6049c82c854d,27c99e6b-f41c-4c5b-b701-415d0c2cbeef,0
2ec4713b-d3c4-48c4-8317-ee1bf7e87927,e8e2d1f8-a232-48c8-9ad8-06215cc79afe,10
7c18b170-da86-4885-95c9-8188ba0eeb67,a7e0fc3a-2c0d-49b1-b0fd-b393a463c8b0,10
bcdc7e5d-9426-41ba-8c61-d5fe76204653,bf92207e-e7b3-40fd-9a62-85ec91920750,10
0de548a4-6a52-4aa0-a5d0-802e357c7045,af70a213-2303-4d29-894e-a8a180a77275,0
5f35f505-eb7f-4d69-a8c9-7df854347b27,66e20efb-fdb4-4f01-8034-6b0b273e8a25,0
535dac8d-5982-4b4e-a396-5b68861091ed,3e407ce4-47ca-4c9a-b06a-52b90b9238b5,10
3bdbcd7a-d298-48fb-a6b2-0bfe321533f3,77bdc5f7-fcf8-4373-adeb-8d444e1818e1,0
76918181-04a5-49bd-a767-15e004edc038,7d100cf8-56b0-49c0-a307-898b1824087a,10
1d3e1042-6681-45f5-95b5-8418e62e84f1,7a553f30-fa0f-4539-a3a5-36661643abf6,0
67cc4c06-30b2-44bc-97f1-abb9d88a5c5b,19b4c455-de0c-4b1c-afeb-c0b703f47e3b,10
ae37bcb2-9432-4892-8601-8e3756f5fc00,2aca5449-059d-4050-a233-ae773be61ad7,0
3158efdc-1fd7-429e-bc09-257a8e40d57d,2aaaabf2-6b02-49ed-962f-ac2cd366fafe,10
2fba4729-6d7b-484c-934e-f4217b8b3e1d,0f0be147-e125-4f9e-b2f2-11321b5fb843,10
af0a37a1-6fa2-4584-b9c0-ec82e04001b8,22f9129c-017b-4b86-854d-d12b799f55a0,10
3b8c0027-0b3f-4c3f-baf2-2dfd28896472,0e2c4bbc-04c8-4ec3-adbe-4d3455fe9510,10
3da5f42e-d0d2-4e65-8e7a-2f689c2a470b,45736c37-4f39-4970-b16a-192d6f4c0e93,0
4b4762e5-d3f2-4a0a-a499-dd2ddb8a21e0,816cdfd3-47bd-4e2d-8440-b87e3c7f3676,0
07dcbce6-e9fa-40ce-a5ae-5da2aff869ef,4d1d6f0e-5f14-49c3-b95c-53f2bb20eae8,10
1b79cc2c-c4ef-460a-a65d-d94dd28d6967,5d5a197a-99d0-4d54-bbe8-98e49faf79e1,0
d5b6937c-7600-4ce1-b94c-2d9f9cf77049,f0fba419-9cb5-4a26-bae6-c75fc35a8577,10
41e9bd30-966e-495c-851a-9f1da32ad729,27299a44-4a07-4f5b-8504-c91d3b83844a,0
26fa340e-1ed8-46dd-a906-202566091953,c97e17f2-2439-4518-8b1c-2f7b95bbae95,0
8961aaa5-bdfa-4bb5-81ac-d9ebe729d856,7148f71c-f092-47c5-b2ab-ffa2d2d5827e,10
c3cb2ed0-8b94-4bdb-a254-b51394a11f79,0eecb05c-747d-4737-a683-2e91c9a9f7c6,10
dfb62d57-21a8-42f0-80d8-b9d4c8604fb0,a3fd7988-dde0-4a87-893f-54034f309141,10
d18493d1-e144-41cf-9a98-037d8068a80a,32e1c676-97a8-414b-8ddb-cce7d1d5aa67,0
330ee466-15e5-46cf-8c94-493fbd28acf9,26b56fcd-8651-4893-a035-4448611fcb75,10
7c18b170-da86-4885-95c9-8188ba0eeb67,fd788886-013b-4572-9e0a-fec111b3bffd,0
4346b3a8-1a45-4e6d-bf35-6fa70eec419b,ece7d8a5-9d04-4555-b817-9d7ecd60a1c0,0
6bd89504-1104-4810-a371-8326742d4b24,666f8288-a070-44a0-9d5e-3e23277bf915,10
df7d958c-87f5-4c61-9e0e-0ca9bbfd567e,5e5a7cd2-cb4b-47a7-b279-3672a20f17cb,10
001a718b-321b-46cb-84b7-f32391352315,65c07765-0005-47a8-98a9-53400fc79d63,0
42ae496f-6694-4063-9ad1-f322bc4cc01e,bb9e5d3f-3dd9-4af8-981b-36bc05078fa3,10
631ee841-e3ab-4b51-b2cf-c50c5ace012f,1b19d90c-a553-4475-91f8-cb217f27f676,10
b0bbe5e0-ac83-4fc7-84f5-2b04a6430522,2ab887fc-e742-4e5f-956e-a6ed3661360f,0
5179687c-9b2f-4f37-a3de-9089c6c3fdf2,2c5c964f-db80-42df-834e-818bee8b3f4e,10
444094da-9980-4a57-be4d-80ba5eec129c,8a75f37c-f05a-4460-96b3-467a77456b2b,0
8802ae13-f5db-46a1-b71c-8104fcc82014,136b41d3-0d9e-4591-aa2f-2659aaca2a39,0
7999b31f-f2bf-471b-ab46-bbdae07b645d,52bb1734-aa03-4252-8db4-9976c72f4f05,10
86f225c8-bc68-472e-a0e5-274c7033ef65,20d8f6c6-52d3-4ee1-bf1e-a1dd696d9815,10
e9c953e7-9d23-4e19-8e40-bcc40ef8fafd,b6c22743-aec9-4263-8e20-beb1ebf4f2c5,0
16dfa875-03c5-4c41-8ebe-d1983ae826f0,823bc475-b068-4bff-aae3-e4491d90176e,10
b0bbe5e0-ac83-4fc7-84f5-2b04a6430522,c97e17f2-2439-4518-8b1c-2f7b95bbae95,0
330ee466-15e5-46cf-8c94-493fbd28acf9,0cea817e-a625-44e8-8f96-7c14765cf155,0
3dc4d46c-1a5d-4313-992a-6a81d4c50f87,8578546b-4f76-44c8-aaa8-6b542d2c81e2,0
7e797c4f-5d60-4e2a-9a6b-356df8565c6a,20db2818-c3ce-491f-aadb-79b7b978a5d8,10
c7c20591-ff42-41cd-a893-e4631c876cd1,e1081516-4672-4f2b-9cda-70d9da170050,0
79c0b5ca-280d-436b-ad89-1bd0514a9cb2,715dbbf6-09c5-4760-8f2a-4d00ba0e903f,0
a3a95b18-fde3-43ba-9e26-3391d0345370,f8dbc77d-5f72-416f-98ed-2e3b0ebf3d5b,0
f9ac1b71-b045-47dc-80a4-b6457859819d,94640296-e856-48aa-a746-6d42637385dc,10
892ead6d-6fbe-452e-93b6-9c635bbb8dac,b7ebd118-3df1-486e-875a-7825192bd6f8,0
55ab1095-51e6-4565-bda7-3f8d42473c96,a3fd7988-dde0-4a87-893f-54034f309141,10
d370c935-16b5-44ca-9796-21b8d66e99d1,0e54a089-4b2b-428e-aa0d-17ba94c34a33,10
aa0da83a-f3b5-48d1-aaf1-701d18595050,0269e71d-b0af-40ca-9ed4-2c31c491fc61,0
c24c2606-0972-4416-af22-a4cc317b07fd,d2d72891-f7a6-4cee-8cfb-2d41516a0e04,10
5179687c-9b2f-4f37-a3de-9089c6c3fdf2,bb39890d-260a-49f6-ba41-58185240401c,10
19cb7dcc-10f0-4dd7-bc23-4a1b7954ce0f,335d17f4-9a7d-463a-ac8c-28c4b23e17ba,0
72e115fc-2890-44b6-a74a-9100e6affccf,20d8f6c6-52d3-4ee1-bf1e-a1dd696d9815,0
d636c73d-c70f-46a3-8ed0-37855c0495a2,b7ebd118-3df1-486e-875a-7825192bd6f8,0
6f2d3d97-8ece-4f31-a26b-4b8a4ea3b05b,f908c0e6-fb37-4113-b26e-d60f32d2fc07,0
57ae33f5-0bca-4dc9-ab3a-a44efd62e8f1,2267452b-d50d-46d4-879f-6e6f4960daa0,0
52ec77ed-c7e7-4889-b444-c12fefab6a6d,82eceade-34e4-4bd2-b563-9c1bbd693905,0
94156373-f85c-4caa-8310-5c92f7861190,022ef501-e57e-476e-8a87-f4660d141117,10
21e13638-9478-47db-9fd1-04a3e9cb6d9d,848b0f39-cb2f-482c-b5b7-c7e5c953884a,0
226b5b4e-b681-43d5-b3ad-b3bf7738e0da,48e04c41-654f-4614-a834-905eb5452398,0
ccfa4625-294a-42b5-87c8-f9587b2c3392,9ba35d1b-7320-4912-82b6-36b7e539b2a8,0
9bde995d-dd43-47fb-b537-51640cf140ae,e4053440-cd5a-4560-a59e-29c136c9b775,10
748feb64-63cc-4fbd-aebe-c350d34d9e1a,cbf834b7-d935-4fef-9407-ca43ac66e8ba,0
0283dc38-da0a-4807-8f1b-704a3e1e3651,a6ea0df0-55d4-4c46-b499-7eaa41eec38f,0
cc448915-623d-48c7-91e2-503a4914f07f,0634daca-46f2-4958-ae33-3e88179a1e86,0
3158efdc-1fd7-429e-bc09-257a8e40d57d,f308ab60-22c8-4092-a8ce-0846bbe8c2f5,0
7edcf5b4-b417-4980-a338-829892797230,b7d83945-fecf-4b4f-b187-8d163eba3ee6,0
cfbaea7d-a379-4472-b1ec-106759669e74,6380d067-199b-4c8e-9bc5-95f5e0ab9ee4,0
972ca434-0524-4cec-9e32-28f57586f2a1,8ae5d354-f533-420d-8fdf-5624dfa13798,0
5b1400bd-bb80-4918-afb1-4ab425ee01fb,0bad2a7d-dd6a-4d63-987e-592700382a62,10
a2700c55-2906-498e-9d80-35a8461d03d6,587d1bff-15c0-4520-8d73-fed180eca5e5,0
08e9dedd-679c-4c6c-968d-1582698db156,5d0ce9b0-5267-41d1-aae9-d2f46d3eecd3,0
23858328-cc08-40f7-b46c-359fb138bb74,f77acbcf-2c53-48bf-8128-26f9fc8be794,10
e9ec68ab-c0ea-4b84-b924-8960fcbc8e3e,3b0ada4e-1a08-48db-b684-903b1e1fa76e,10
3315b0d8-9105-4759-b5a4-9c7ce4b30269,5911a4a1-f41f-4565-9283-c2aedd270a61,10
b2a38480-59b7-4793-82fd-a7c4cfddb7fb,6ddcdb0d-b57a-40e7-98b1-c6f4622545e0,10
bbd3729c-8e4e-47f1-a89c-b9568698ed64,aa3313cc-dda7-4523-afe1-673c0c0557f9,10
0501ca39-521e-4335-a070-f9e64e2d3fd9,38594317-8ba3-4a4d-9b38-2b442846857d,0
aa0da83a-f3b5-48d1-aaf1-701d18595050,53f3faee-4324-467f-b022-9c55ce43064f,10
b93113ed-4f80-4526-b0ae-2c067574142d,ad62ad3e-e2a9-4d79-b025-7a22ddb2c4f0,10
dc0ce33e-8109-482d-8c46-3bbb877e0e1e,ac1cbd14-cba7-4266-810a-b1cc82eab19a,10
e68aae5b-1e76-40c2-a5de-87daff422807,2267452b-d50d-46d4-879f-6e6f4960daa0,0
11e9ffaa-f615-4a07-a6df-c1192ebf1bc9,6cca7f3d-dfd1-4842-831b-7a8748669170,0
0d27fef1-301b-4dbf-817b-9c1b6a2c9a2d,60c0bf2f-52a3-4349-bed3-214671904e2c,10
b907f3db-3dce-4165-97e3-16a7ff10f395,a5dd3059-bd1a-4eb1-af01-c0a16eb2252c,0
5832f24d-461d-41f1-805a-5ab98f67d0ea,58618075-cd22-4827-9fbc-f667ec0f5f19,0
04e2bac9-ee20-4301-a278-482528c1ab31,303ee706-2355-4bce-9bac-d21946a6cdf7,0
f9f1228a-ed27-448f-919c-6ab08ce2b470,532c6fdc-aefb-455c-90a7-3f10459c376e,0
34134fb5-a9b2-4e89-b790-95f1b2b11549,4aee54fd-c674-431b-a59d-6859fd3ed7cd,10
415821c7-96af-4661-b6e0-e27e3736f279,b6aaaffe-7347-41d2-9509-4e16712dee85,0
3315b0d8-9105-4759-b5a4-9c7ce4b30269,4ee91336-9815-45df-a566-04b14a562fb6,10
d706ddb8-07bd-4fac-9b79-45551e8ea57d,ff0379d4-e5d1-43cc-9e77-3ff5ae510de3,10
86287fc5-da21-48c6-a078-03e69b9974bb,c622e326-a53d-4e99-b99d-0fcc721c890f,10
db64ca58-0073-4731-ace1-156894a3444c,ab8b3fd9-3ec6-4f32-a7c8-9e5265f2e277,10
d1fba380-31a1-4bfd-aa0b-c78e7f4586a2,8a75f37c-f05a-4460-96b3-467a77456b2b,0
829bd2c9-0655-4fac-87af-b0d8a5bcb176,949def80-7ebb-4ca2-9374-cff3cd8838eb,10
f49fce9e-d1c9-47f3-980b-225d2bab0747,2229f486-4b02-4250-9a74-4f70c93ef823,10
4d9e0c6c-c36c-479a-a1e1-2417a9a16c2a,a64d6d3f-1f68-4e5e-827c-d7d2fe535166,0
54deb712-982f-4c6f-9d5d-6b1a4cfad29a,60ffb4b8-ce20-4775-940a-3c22c0246983,0
671054f9-bc91-4593-87df-c63dc2a38b99,6c64d73b-b5a4-4304-b692-7fa45be0be49,10
1aa20f74-5c68-457a-bb4b-ed02e184854f,ad0f8455-32d8-4d8b-8589-4ad0dd68d164,10
0516eca2-86cf-49e6-aa9d-9d4e9a24561b,c92b5d83-697a-42a8-95a4-4f1e7ae62be1,10
3de57013-7d4a-4b55-aeb0-71e77bef8d78,7dbc6325-8cd4-4ad2-99ca-fcf66e9c1e53,10
9f6faf4f-551a-4f88-a27e-9f3c9673970d,61610007-c1cb-41cf-b4c1-bb0e2d06ad4a,0
86f225c8-bc68-472e-a0e5-274c7033ef65,a166a359-1ff8-4b99-9cc3-0c6071a16e16,10
db88b12b-ab82-40fd-9e35-5d9d60ba8649,a4448d0e-18dd-4878-9510-0546ca6ec4b8,0
f6cdb325-fb9e-4de5-bf79-f9cc0a0bf518,8936988f-9c68-41ac-94ac-0337f4bbd6e0,0
260c64c4-03d4-4f0a-8a7b-9c0876687bed,0068be70-9dca-4a02-9bd9-dcf0251fd94a,10
c1d60aec-8d4a-481e-beeb-0128dc7c6e98,0997b216-f9da-43f0-9b3b-f68769118daf,0
a2700c55-2906-498e-9d80-35a8461d03d6,8a3cfbd7-ffbb-42a6-ba36-536bea4635e5,0
7e797c4f-5d60-4e2a-9a6b-356df8565c6a,c7310a85-34ff-4710-a68d-adf4bfcc6ea8,0
d636c73d-c70f-46a3-8ed0-37855c0495a2,b779355a-9228-45b3-b03f-44b3fac5136c,10
e05a9fb0-d499-432a-b221-4e59bbbd3705,202ba7c2-aad2-47ad-9166-b1098d5e9a4b,0
1d3e1042-6681-45f5-95b5-8418e62e84f1,33c60451-7daf-452b-98b0-0bb7abe3af7c,10
145a6691-f6a1-47d2-9130-705e1717b921,85c763c7-f8cf-403b-a183-718d8aef5c09,10
67cc4c06-30b2-44bc-97f1-abb9d88a5c5b,511ced22-f2fc-430c-97c1-5d68edd389a7,10
3099423a-8506-4896-aaa2-95ecd2c25148,dd07aa05-123a-48b6-8438-4fe1d144eae8,10
7edcf5b4-b417-4980-a338-829892797230,96bcf887-e85f-443d-b397-0184499a98e6,0
e0fddd66-5983-40dc-8013-d44bb6031dab,695fdb9a-820a-40ee-9d08-9badd12fcfe2,10
d370c935-16b5-44ca-9796-21b8d66e99d1,3b51af7b-8ae0-4b33-b899-8a84daa6ebb4,0
bfe8a239-8e7e-4631-8491-e58029c7183a,b7120dda-243e-46fc-9738-7f2ae504e29c,10
5785df82-7e3d-41fb-b378-546b80fe689a,26b56fcd-8651-4893-a035-4448611fcb75,0
60bfd665-ce0d-44c0-b58d-4ef310df08aa,28ea5f9f-6c1d-4f0f-9acb-e810f3deecfb,10
77b78223-4d39-49a6-b8a5-37bbae4e2ca9,e936cf7b-1456-4c1e-ab78-1c9071229567,0
6ccfbd94-7f31-46b0-85e3-2b40e275c3b6,9782c86b-6e8b-4f13-a250-bbd3577dab3c,0
f7f4bbc1-a9ab-49e1-b6c4-6ec228869b83,40f49a30-8cc4-40ce-a526-fbbeeb1eb245,0
f15eb923-2520-4e6f-9e18-d16e1a4df20d,02601103-5239-4eb4-864b-b812b8ed582c,0
b45fac79-5c39-4413-a2a2-0930434406ff,848b0f39-cb2f-482c-b5b7-c7e5c953884a,0
e76d7722-2641-496a-a48b-3bc1942f9ab0,2f3c2a67-eca4-4f91-a155-331138bdd84a,0
02e2a567-5793-4525-935b-eb61fa9d8c67,56953b82-ed51-40c4-8e6f-d694216fc39e,0
5c1c5393-5812-4343-be14-caa87e005459,2267452b-d50d-46d4-879f-6e6f4960daa0,0
8720015d-87d2-4c72-9228-d7928cd64a99,5e5a7cd2-cb4b-47a7-b279-3672a20f17cb,10
f15a1f6c-feb5-43ad-8b8a-5e2f4aff3d4c,51c2d739-1f03-4ecf-ab99-437702ed03d5,10
32b68ea6-ae1d-4171-9b4c-72e23bee1869,62e05404-86a1-40f8-b887-d555ad83ba1b,10
b0bbe5e0-ac83-4fc7-84f5-2b04a6430522,78c9fe2c-d13d-4ebf-8520-a2fc34555266,0
35c60fe1-acc9-443d-b159-7cec01b83b2f,bbe7dbaa-c8b6-4091-89d2-1170f780d487,10
f9f1228a-ed27-448f-919c-6ab08ce2b470,3ee66479-2595-42fc-bbe8-663934b0d584,0
b856ae5f-e514-4714-9ff2-0f397479986f,99ac2e52-2e88-4d39-af1b-be9842c39ca1,10
5a9c4462-1c0b-4131-804d-add80c37c8bf,d46b861e-c6ce-43a0-8446-b1a607a28dcd,10
19cb7dcc-10f0-4dd7-bc23-4a1b7954ce0f,12675b18-ff8e-40d3-9106-b7c9f3bcbdef,10
a65032e3-6999-428a-b2ab-bdc5fb190223,5a21545c-2849-4ef8-b086-491af10f5f5f,10
6a1f3408-c655-40d3-a638-9c9d56d449e1,1bc35cf7-fc36-4c7c-a7f9-817c64bee21e,10
e1f23bb6-de90-4d77-972a-2b52c10efd8a,bda8b87a-f595-4d46-a45f-51c60ab34dd9,0
03561580-74d3-4e67-90fa-3c5af825b4ed,3ac07c8f-d6ac-4eeb-81b1-8bdea33bc4f9,0
1f54407f-af90-47b4-a360-15e7eba5e58d,34d8971c-6e97-4cd5-8ca1-a0bccc919d5a,0
5785df82-7e3d-41fb-b378-546b80fe689a,ece7d8a5-9d04-4555-b817-9d7ecd60a1c0,10
4b4762e5-d3f2-4a0a-a499-dd2ddb8a21e0,298620d9-e48f-4394-b5bc-6fe65cf06bcf,0
8c236cd7-29a3-45cc-af62-597f0206f0d3,af6c2a85-57d2-4121-9128-0c5771788da2,10
3bdfc9f8-d22a-4c09-b665-664b2babcf37,92dcb6ce-3fe6-43b1-9cae-621a13105abf,10
b03556e5-cb70-4d36-b346-14e1980e4857,5b0861b2-e557-4608-ac67-861cf5e71cf3,0
db07efb2-5cb5-47ec-9daf-c50aa863e920,2ebebc9c-c179-46cc-ba4e-dfd613667242,10
235f9a94-1e25-40ca-a412-c78a01fdf0f0,cac579fc-4650-4c30-a3ec-c13cd5878688,0
66296541-e89a-4c26-b474-4e574f341d2c,88820573-5008-4d8a-9b4e-c42635db9169,10
1539f606-f8c4-4e13-b697-c86f3baf0d81,2229f486-4b02-4250-9a74-4f70c93ef823,10
183e6b6f-c31a-42bc-960f-59304d22cb6c,37124ae6-1176-4fd0-b146-cd6a3869842d,0
6bd427b4-499e-4048-8d7c-3a1d69ba1540,b6c22743-aec9-4263-8e20-beb1ebf4f2c5,10
1f873024-3720-4196-ade1-c6503306b1f3,5d75a578-a8ec-4a6a-91ab-45195d73020b,10
ccac9af6-e682-40ef-988f-8d8b97c21d59,3e9191bc-93ab-415a-ae5c-c254db3a4a77,10
9011d58f-1ef7-4a3e-a2b2-6aad4949536d,94640296-e856-48aa-a746-6d42637385dc,0
535dac8d-5982-4b4e-a396-5b68861091ed,784817dd-2182-4fd9-9450-c0f394451290,0
ae37bcb2-9432-4892-8601-8e3756f5fc00,de6dfd51-b956-4996-af3b-e90c930d1a27,10
260c64c4-03d4-4f0a-8a7b-9c0876687bed,9c2e97de-b6cc-4f9f-bb2a-8dead7f59d83,10
85b1fe1a-de47-44a2-98a9-37dfc4aa4588,8efdd216-f0fd-417e-8c05-a1caed9eea08,10
a8febc3c-eb0a-44c1-a041-f0c5560ec959,7172bf6a-8d97-4abf-b430-3dba91c58333,0
65ee7250-d684-4d76-8568-b9f48a22d60d,39e5d7dd-c500-4c9a-a69d-fca1dc16749c,10
2d4ce68d-2362-44d2-b411-ad5fc6fd09a6,71c9874c-7771-4411-b437-d75bf202ebdd,10
2cf37f54-7801-46f1-9004-6ded79ca9f5c,479fd767-ca61-48de-b3b1-5c1c3f209671,10
e24ff4e3-066d-483a-96a5-f68ce9376163,341f8012-0cbb-46e9-bc26-1202d1e06246,0
9c153dcf-050b-4a74-a260-cc361ad680a0,ef97d3ab-1c0f-462f-88be-4cb16ce36960,0
11aea95c-24d0-4fc5-8343-cdcb359ac54c,f38b3dbe-905c-4942-b695-0ee02f9badbf,10
76fb9bd0-a75c-400d-9c7b-7ed4f2f83a9a,c4a4a134-937d-498d-9d7a-b4f7c5cf279c,10
2661ae91-752b-4bce-a751-1e22c062c65d,0de8ae98-4ee4-4ff3-9189-cdc4fb7b496e,0
671054f9-bc91-4593-87df-c63dc2a38b99,c7474d68-4643-4c00-9c68-56d79550b61f,10
b7e1b1aa-62f2-48e6-a67f-539d915f3a36,71efb6e4-ba56-4c86-91bc-9af7f401b9fb,10
e05a9fb0-d499-432a-b221-4e59bbbd3705,4806ecf2-b440-4e40-9082-a99aa66c947e,10
1ce8c36f-d9b7-411e-9f72-d4b90b462f7b,08c1eddd-614c-47b2-86a5-627898ad447f,10
0cd90605-2c9a-457e-aa02-a1a17ca99d65,ebb33283-01e2-49b2-b1e1-ff741ce8397e,10
29d05653-2f1d-4e85-816b-a3c24c178b5d,2d223072-f56c-494a-a336-23ebe010e64b,10
e2431178-03e3-4d75-b2e5-8c3c910e326f,ece7d8a5-9d04-4555-b817-9d7ecd60a1c0,0
61dd12ba-d641-4585-aad0-1e52929b9af0,005bbcfc-b4aa-4d47-a7d5-b67f07a23228,10
94b0ba97-8e4a-4966-9ef5-e67415a72b65,4839f91e-7827-4059-ad78-0602e3c9f57a,0
eb3d2615-0cd1-43a7-8247-6af19786fad6,285c9733-f071-4d1e-9b72-5427797552de,0
988398b6-b647-4760-b0e0-48f7d58f43ef,c27d419f-6822-464d-9529-5c3da2b50a40,10
0fe732a6-1df6-4cb9-aad9-81518f49db60,2f3d083a-b59b-4f16-9fba-89f9292f07bb,0
1c798e4a-14f0-4509-835c-3ddbf47c12a9,c27d419f-6822-464d-9529-5c3da2b50a40,10
f4f3f12c-02f8-457d-966d-6ee8b886083a,b435f288-8747-47be-9095-f87448b4cf72,10
8e2cdb82-b986-42ed-b037-ce9e5970104d,b669aaed-ed1f-4670-ba03-71825e6bcad5,10
72e115fc-2890-44b6-a74a-9100e6affccf,dcc6cfac-c359-4da1-8674-99ed351c0ec9,10
1890b797-793b-41e9-99ee-bf1b791be658,dfc6b331-de1c-409d-9bb4-21a73c6a4966,10
ab55236c-5b70-4265-a6ba-79a529b4f984,64e6b710-ce25-49f4-a247-1d9d075a2ec2,10
53db0b58-decb-413c-b16c-9e1657b7fc76,a7e0fc3a-2c0d-49b1-b0fd-b393a463c8b0,0
3181d0a8-2c73-4e02-81ba-d3bf807e1685,75dbbe1e-f422-40fe-825d-c4dcdc5c525e,10
25c8430a-8a9f-477e-8f60-a33aed3f4b88,c503988a-2933-4a69-b40b-2b28002a5d3a,10
8bc4405e-7150-428a-b4fe-2baac53f8b0e,87fec7d0-f6ff-428a-830d-462808030abd,0
d18493d1-e144-41cf-9a98-037d8068a80a,bb619189-8177-4d5f-8575-d8965de1ac3d,0
3a44a8f0-53ab-4fff-9abe-0903913b6987,960b459c-c3e6-48a4-b66a-4f843353db2e,10
f9ca0a0f-a23f-4336-b178-f75e897eab94,fc19c27a-5dce-49e3-9542-bbf1361a9450,10
e24ff4e3-066d-483a-96a5-f68ce9376163,866f529f-38d3-455d-bc1e-4368aab9c510,10
eadb3d45-41b2-4f45-8883-15f40c1102f8,527b6a38-7578-4fc9-8bcd-5c91708fb746,10
bbb45c3e-5c5a-4c04-8ed1-2cfe479bc252,1a3a1d7d-56cf-4cd3-8a40-e8596c1826ac,10
069d3c6a-b71e-4d5c-904f-f926145bb6d0,a166a359-1ff8-4b99-9cc3-0c6071a16e16,10
748feb64-63cc-4fbd-aebe-c350d34d9e1a,79c1bdc3-0e2d-4930-bd3d-44148ea5c18b,10
f15eb923-2520-4e6f-9e18-d16e1a4df20d,aea954b3-3548-4b30-ab27-32e5c3f4cdf4,10
ff3ba853-d848-4c58-b4e6-8e9b16713bea,a9f86a8d-3c38-45ab-89b0-b0e0dfac0a7b,0
de887338-8d5d-4718-a3f7-4c516fc7ed7b,9328f438-458f-4541-833e-193413da8785,0
bf2d7c28-8a60-4902-ae5f-2b3790a5a2d4,ec5b7094-4b6e-4cff-b3eb-b06b6d1a012d,0
f49fce9e-d1c9-47f3-980b-225d2bab0747,d59f46e8-d336-4f9f-bd50-aca61a2b7245,10
1bc0dc56-a83c-4780-abfb-e82e457af92a,49c11969-d7a1-4284-93d2-cc9e0608fcd6,0
e595a64f-3fe4-47c6-9eb8-0e26e3f3a3ad,465d6890-97c1-4bd4-87b5-caadadb57a87,0
52ffcea4-9b4e-4d32-aa46-7693c7351c84,6ce29ba6-a073-4b3f-ae5e-3f3aff05727a,0
c5e5947a-a79e-4316-8a0e-5be6e2072035,95f7ae2c-460a-459b-baba-e936d0227c36,10
6fa56d9f-5dc1-4655-a96e-5c53e7f2e189,d49499d5-946a-4180-a022-a82697ef6fa7,0
a740194f-debf-4a48-be66-e6a232d73ac6,2c050edc-dfd8-4edf-bd25-8eee26f93f86,0
76918181-04a5-49bd-a767-15e004edc038,4896b338-06ea-4dee-a146-0cf9bb0487ed,0
f15a1f6c-feb5-43ad-8b8a-5e2f4aff3d4c,8a7084df-0ff5-4463-96b0-22d12819c7fc,10
d5e818b9-c117-4bca-a397-24d81c2bf6ec,bbf5b5a0-79e0-4b7d-ad27-b8139fbe880b,0
5a29a44b-7cc5-470c-89b1-488d426adf95,24a75c73-0027-4029-9c62-1819a157bd69,0
d2df0a15-4afe-4417-82ec-11a847d92737,531c3231-e131-4e3a-b1c5-393eadec7008,10
3eeba996-f405-42f4-80e2-3175c9163840,1c853c0f-0327-4d1f-b0b7-b6e807eccfd4,0
3bdfc9f8-d22a-4c09-b665-664b2babcf37,a207cb16-bd9c-4722-b6ad-15d0e8481181,10
5342c694-e728-4fc5-8787-27f16f90edc6,073dd908-d212-4e65-99ae-6ed51e9034ec,10
f84893d3-513c-4213-bdc8-340bf6539b59,05ad7b94-fd3b-4447-b20c-970d76ca21c8,0
49f10619-70ac-464d-ae05-844f4b3bcf0c,85c763c7-f8cf-403b-a183-718d8aef5c09,0
19cb7dcc-10f0-4dd7-bc23-4a1b7954ce0f,ff157178-f78c-4a4e-b223-2d4aab3d16b3,10
65ee7250-d684-4d76-8568-b9f48a22d60d,d47bb5db-b8f9-4073-b292-34c0b3a276ec,10
151a35ae-ac67-463e-a14c-2052ede81161,64e6b710-ce25-49f4-a247-1d9d075a2ec2,0
7ee58aff-09b5-4cdb-a8b2-9f28c40c68f7,5d0ce9b0-5267-41d1-aae9-d2f46d3eecd3,0
d6f41bbe-8ba2-44aa-9253-a1e8a012d422,6ce29ba6-a073-4b3f-ae5e-3f3aff05727a,10
83167e68-2fde-41df-97b5-98abd3757238,5b04c4ca-2c00-48be-9b51-a94dcb27a7f9,10
f15a1f6c-feb5-43ad-8b8a-5e2f4aff3d4c,56d14132-9ce3-4311-871c-ce8e4ad89390,0
565005d5-651b-4a3d-901e-7bdaf6664452,9accb4de-61d9-4ec0-884b-92946b484c18,0
c9cca6c8-042a-472d-b468-1a1a60811ae6,92dcb6ce-3fe6-43b1-9cae-621a13105abf,0
b52653eb-ba67-4c68-a80d-5167c939f5cf,351299d8-dd14-4fac-8e7d-9c2830d950df,10
346c3ff4-0076-42f2-b348-6c3b4241a037,bc9258a9-2ae8-4e08-a1f4-7bb2878fb877,0
71bf144b-edd9-447f-85c2-2cbcc0526b9c,335d17f4-9a7d-463a-ac8c-28c4b23e17ba,0
40089481-5f33-4bc6-a30b-a487980c511e,c2b4109b-0169-40a2-92d4-bc011a790044,0
0d7d2801-0c0f-4684-acf8-1ba5a3277343,5d996ab5-e237-4557-b98c-eb9f42643610,10
0957e883-0b59-4396-9372-6049c82c854d,e5fd76ed-6b8c-4dc7-836a-16282a1b74a3,10
e7cee0e6-c374-46e1-9137-ea4ff7de1ffd,1253777d-1c25-4447-9073-da2534b7201c,0
7abe36c2-1287-4421-970d-8b99937c6021,7172bf6a-8d97-4abf-b430-3dba91c58333,0
2565f58f-64b2-46fc-bff7-e6ea9faee9c9,2c050edc-dfd8-4edf-bd25-8eee26f93f86,0
c1741294-c71f-4583-afe5-978d1360c84a,8138fe12-c00c-4dc2-9d11-c9973237dfa3,0
fe1fe387-1c75-440a-9dc4-bd84be025eb2,781fe903-13d9-43b6-92ec-d2b2ef88b63e,10
bfe8a239-8e7e-4631-8491-e58029c7183a,96ed5af4-a8e3-4d6c-a1ac-9369ccb45794,10
0957e883-0b59-4396-9372-6049c82c854d,af70a213-2303-4d29-894e-a8a180a77275,0
04e2bac9-ee20-4301-a278-482528c1ab31,58e16581-0549-4f24-83cc-c7f9ff87c876,10
57615edb-843b-41e7-a677-e420e8ad9051,1587cfdc-2ade-4cd5-ba40-fbb84edbc94d,10
42aa043d-e991-4c4a-a257-20c39d44f7e0,d3937e4d-e4dc-4e7c-acdf-4bc8d89a6794,10
8d710183-ddd5-4a95-83ba-3f538afa98b0,563d5285-ff89-48be-8f05-0af35dd9b045,0
6414df46-a2ff-4daa-94f2-0c6a29d90016,585f78a4-d690-4596-9feb-e10078e7fbfa,10
bae265d9-d208-417f-a2a2-7d25494c7fde,6c2cacb6-abca-4595-a31c-116de87f3848,10
34134fb5-a9b2-4e89-b790-95f1b2b11549,739d3e98-e552-4f58-a9b9-4f5e3dead81f,10
00ddc9c0-bb17-45ec-8807-84946b57f1ee,1256b37e-55c0-4ea3-b625-47ef05c11035,10
7c18b170-da86-4885-95c9-8188ba0eeb67,ae50cdad-7e30-4de1-92d6-a42e13c817e8,0
0c6279e4-7490-4787-a777-658dc854c8f8,6380d067-199b-4c8e-9bc5-95f5e0ab9ee4,0
bb62e03b-8a37-4c7f-a974-018006164d4e,8febae38-6567-4b13-ba11-8add9bc03d33,0
fb9f37b0-e72a-46a2-85b2-46afbfa74002,813195b1-1215-4d90-bd13-1215434fb9e4,0
94b0ba97-8e4a-4966-9ef5-e67415a72b65,2bd5afff-e9c5-49fe-b9c6-d19ebe951fab,0
32591d31-254e-4c74-990d-ef799e9a5a03,ea8551b6-3a61-495d-8513-16e20a927790,10
6aac1b37-94c7-4f5e-857d-ce1765a4dce6,4fadb73e-ce55-483f-9887-dfd99877aefa,0
4208c699-a24e-4e94-bf50-7dd60220362b,c9dfd79b-51e8-47ce-9a63-dd770d811f0e,10
356c6546-a030-4803-9101-4961192d107a,48e7eb8d-0573-45ac-9eaa-16ad0b9226dc,0
630167f5-6998-40b7-8978-5f9c4d1afd22,f8017a0a-dbba-473e-bf8c-4e05f251f7b7,10
0b6bcc7c-fc6b-43ed-93de-fd6e81deee9b,5b9f118f-5354-404c-8793-d4fd16327a15,10
1f7d64ed-9eb7-4dd7-8575-7c6321fdde35,7bc64bb2-e451-4af3-87ea-3f0ef98a31ad,0
356c6546-a030-4803-9101-4961192d107a,d699533e-607a-4e0f-a08b-e5d3decf5fa6,0
f5fcdb19-f8ff-4939-946f-e3b70283729a,82933740-1a65-4738-90f7-2a6d748360e9,0
e0fddd66-5983-40dc-8013-d44bb6031dab,bdb537c1-6310-4fe1-a93c-e777d7d306a8,10
bf698199-cd1f-4851-8dcf-8bec256a6876,a90cc988-0b09-47a8-8bfe-61a1185e4b47,0
fb51338b-b7c8-403e-9f29-90a257539aad,be59bbe7-0849-4b53-ab8c-803f3e671399,0
6990ebe2-9e45-4138-bb1a-fea1e4369435,e3c0f710-802e-4ef5-9f43-9a6f40c3237e,10
8ed348f4-c9a9-4fbe-9661-3d32da433a8f,3b0ada4e-1a08-48db-b684-903b1e1fa76e,10
c6a7c32a-f5df-404f-96e9-8928350e6545,9334800a-fa0b-4364-be66-e960342d8a0d,0
916ed50c-eb3e-47a7-8293-6b7d5a114111,db532f6d-4972-4ea6-95f7-7e5c83421dc3,10
e5ace50e-9b81-40e1-bdec-34d448233509,d98ab7e0-b690-46fb-85c0-d0df2d50bc91,0
85b1fe1a-de47-44a2-98a9-37dfc4aa4588,2bd5afff-e9c5-49fe-b9c6-d19ebe951fab,0
11e182fd-c4d5-4ea4-b695-f4f538a0266f,2bb93756-6d90-4606-a278-ba433a723e8e,10
53db0b58-decb-413c-b16c-9e1657b7fc76,b241ca66-6aa1-4dc5-9fb7-f9a548dd9db0,0
c5e5947a-a79e-4316-8a0e-5be6e2072035,64e6b710-ce25-49f4-a247-1d9d075a2ec2,10
892ead6d-6fbe-452e-93b6-9c635bbb8dac,87bb9b36-821a-4e25-9ccc-51a3fa909234,0
a0d18cb0-b8bd-4b96-8da0-1511ba3d8aec,899ed7a4-09bb-42a1-9e72-2b85012b243e,10
379daf35-c8cd-4ea7-8127-0073ace3a90d,c4a4a134-937d-498d-9d7a-b4f7c5cf279c,10
a34b3e78-3f99-4033-98cc-affcf55beacf,69d8321d-7902-461a-8563-b65435b85abf,10
9ae789bc-0a31-43c4-8edb-8626e9762985,6483e90d-fef7-4a52-97e2-605917ceb4a4,10
f0de85f4-85c2-4aa6-96aa-905d955af907,7dca40cf-8aeb-4094-953f-f208cb417db7,0
1d1e6678-75d2-4783-9094-4f3cbb0448a0,136b41d3-0d9e-4591-aa2f-2659aaca2a39,0
631ee841-e3ab-4b51-b2cf-c50c5ace012f,4a428079-7166-4a23-86dd-a0ca73e33b51,0
a2cf1ace-86e6-4c6a-9400-2fea2e7b0687,65c07765-0005-47a8-98a9-53400fc79d63,10
80c80267-2799-4eaf-a983-bd7989969c41,341f8012-0cbb-46e9-bc26-1202d1e06246,0
03561580-74d3-4e67-90fa-3c5af825b4ed,ef67a26d-d9a2-437e-bf3a-dca2c752e46d,0
8cc55706-3114-4d64-9468-d4fcc8896d81,42c9de57-b40f-4203-82ec-85a25bc8c9da,0
6f2d3d97-8ece-4f31-a26b-4b8a4ea3b05b,825a656a-c7a3-4b64-b3d1-85c6cd0276c8,10
565005d5-651b-4a3d-901e-7bdaf6664452,e5f6a6f9-5070-4849-8cec-986ac19d6105,0
d883dc4c-f5cc-4fce-9334-2c657daa82f3,6cca7f3d-dfd1-4842-831b-7a8748669170,0
714ac23f-5751-4a63-8295-84fc8b8381cb,fb680335-a4d3-465f-9661-b44c6dc0f4e7,10
2d4ce68d-2362-44d2-b411-ad5fc6fd09a6,2bb93756-6d90-4606-a278-ba433a723e8e,10
54deb712-982f-4c6f-9d5d-6b1a4cfad29a,2b32a0b1-8dd8-459e-a96b-d0a0b599155c,0
de2417fd-b6bc-4229-948f-c2260a63235d,95350e11-26f8-48b4-939a-0c4c6b274254,0
adb273fb-36d6-4ba3-9979-4541560f5baf,4f4e9146-d858-4b65-a247-47a7a721ed6c,0
b15fb540-d100-441f-9eb6-cddce83fb057,ff157178-f78c-4a4e-b223-2d4aab3d16b3,0
e26cc520-2da8-4a54-9259-8a2390b37b2f,f01f9cbd-5fa0-4513-b5c1-e98049a4e07e,0
eb214a9a-9c62-4bd5-b583-ae1275022d67,a5dd3059-bd1a-4eb1-af01-c0a16eb2252c,0
62dfc47b-b55c-478f-84ad-9f0351ac0e99,e67599b8-27e6-4b06-8b78-facdbf828003,10
0c6279e4-7490-4787-a777-658dc854c8f8,494e49b0-6ffc-42a2-8111-e1cf68b80378,0
3a547634-8815-4380-9f8a-ba663c075e42,d9a9e919-6b54-4f99-8af5-f790205c36d0,0
c3954f2f-c6a5-498e-abbd-ea5425276a82,b6c22743-aec9-4263-8e20-beb1ebf4f2c5,0
c1741294-c71f-4583-afe5-978d1360c84a,eb2280a1-0dd5-4e74-89d6-3e71319a9903,0
2f6dcab1-c2d0-4527-9de5-ab0f54f317fb,6c2cacb6-abca-4595-a31c-116de87f3848,0
988398b6-b647-4760-b0e0-48f7d58f43ef,4d1d6f0e-5f14-49c3-b95c-53f2bb20eae8,10
a342c45e-ccb1-41d6-a99a-18731a11e14a,6380d067-199b-4c8e-9bc5-95f5e0ab9ee4,10
a3a95b18-fde3-43ba-9e26-3391d0345370,e3c0f710-802e-4ef5-9f43-9a6f40c3237e,0
61178362-d522-470f-ab31-d5cf229d9f62,a95e389a-dea0-45ad-b6e1-d9c4a7e548ed,0
bea0f9b2-c399-40e9-aaef-2984acc305c0,5f99ae81-2a3f-43ef-b656-14a73dcfcb98,10
cb585867-2b51-49b1-a83b-12c1d54d4c88,bb194b60-aa7c-4db9-b59a-4e5255982fa0,10
cdde7344-0897-4190-b275-d2da89d4c1d3,58e16581-0549-4f24-83cc-c7f9ff87c876,0
cff01b87-ffc9-44b4-9ad3-2c4c57b2047c,70ea19f3-cf39-41a4-a29d-0de9c6fca42a,0
41be4c6b-ed58-468c-bc8c-acc98a5711cc,49c11969-d7a1-4284-93d2-cc9e0608fcd6,0
9cfddeff-5f9f-46bc-bd2c-fb1326b4181d,c0d572ad-67fc-4c96-852b-705561d87e27,0
8b0f604f-5e8b-49c1-a2d8-30332a534624,c4a4a134-937d-498d-9d7a-b4f7c5cf279c,10
d0df0679-fda1-4900-acdf-7b2e20b89679,ff0379d4-e5d1-43cc-9e77-3ff5ae510de3,0
ccd520c0-e6e1-43ba-9b00-0a104805f51b,d410e2b2-c63d-4baa-9199-a071e63e2c0c,10
debd9028-fae7-4ba1-a32b-f3830ed4d857,5d5c2e35-e4d8-4da7-a689-6b943f9d5259,10
2f0d2d4c-175c-4a0c-8813-18c8b2e26505,1b919170-71a3-47b3-9165-130ce6ae546e,10
675a328d-71d9-409a-8533-daf2469e2672,1e0c624e-a332-4a67-9e38-722b8a119d0d,10
f966ebac-1211-49ac-8837-5a7d32133d57,afda4334-3906-4007-a56c-4005bf8ef39f,0
454e84f1-6f8f-43ea-a613-8be1563eac07,f308ab60-22c8-4092-a8ce-0846bbe8c2f5,0
906c0091-7ce8-4968-8349-8281f0f63b24,4d91e3a2-0cac-41a8-9e6c-67f9dc1c61b3,0
db3475c8-472a-4438-a8d6-b4760b17b309,62ca2ce8-01cb-46bb-be30-93b78b4519c8,0
651aec4d-38a6-4e8c-9c67-19edc51d424d,1b979176-49d4-4f47-bd7a-7fe5b579d41d,0
183e6b6f-c31a-42bc-960f-59304d22cb6c,831c54c5-86a3-4606-95df-1e398f5d8963,10
eb8f0080-bf61-4095-ada6-c6bc952f4d07,309b38d7-0b1b-46e7-ac73-5339b52f1616,0
176f3d43-77ba-4cd7-a464-c67671c19666,f91efaae-94b6-41cb-bd88-7135e5a02fa6,0
089a0cc7-6c59-43ce-874b-ed3a9d54a005,2cdcda68-f2eb-438c-be01-768f8255154d,0
3099423a-8506-4896-aaa2-95ecd2c25148,2f3c2a67-eca4-4f91-a155-331138bdd84a,0
46736dd3-013a-4a59-8639-18a10cd9b25a,09b74bc5-5a6d-438f-b148-16aa92180ebf,10
631ee841-e3ab-4b51-b2cf-c50c5ace012f,2797d8da-a01a-4ead-9974-ed181d1d722a,10
d60300cc-e09d-4229-9b5b-f3a5ba79801c,848b0f39-cb2f-482c-b5b7-c7e5c953884a,10
4dde7613-8daa-4bea-8b00-feef5c7b60a7,3f8649f0-d695-4e84-b195-b3ed22a074f4,0
76ba2522-0f4a-4e7e-9dd2-78bedbe14195,56d14132-9ce3-4311-871c-ce8e4ad89390,0
7f63eb02-320c-4771-bd74-5b49f3c01180,fb680335-a4d3-465f-9661-b44c6dc0f4e7,0
ab55236c-5b70-4265-a6ba-79a529b4f984,cdae361c-3e8e-43cd-a3bd-c9b19492f3ba,0
47ed65cd-5a06-46f3-b1d8-38a95c2e63ba,063ae607-2a19-426b-846c-773367bbb83a,0
57ae33f5-0bca-4dc9-ab3a-a44efd62e8f1,0bab935f-fb96-4961-8524-40e47ac72555,0
164f5f04-4917-4a66-88f0-f67b0c71af19,144d0246-67f5-4bc1-95d6-f94d917191a9,0
7f63eb02-320c-4771-bd74-5b49f3c01180,be8c12e9-1dcf-4261-a4dc-de8a346e99d3,10
cc9454ef-be32-4498-92a2-f17bc027f5fa,f5ff1f8b-7849-4df2-8d10-dcc053412665,0
a6415b26-89a5-468b-ac6b-ec18a94fc43d,c7609009-b0b8-4142-8ede-6559d26585d7,0
fc2d4a57-da54-4dfe-b86b-519405ec8af5,a43d6bf4-f2ba-49e8-b612-1481fe3c73fd,10
0cf413bc-6efd-4433-b440-154fc3202b1a,77b1aa6c-99cd-4a6c-a1cf-9708ba4b90d0,10
e8f64786-5dcd-4a9d-9cec-1123c74c4b40,cac579fc-4650-4c30-a3ec-c13cd5878688,0
52ec77ed-c7e7-4889-b444-c12fefab6a6d,3836f101-753d-40bc-b2e0-6d6dbb5b3a56,0
ad75e38b-7a8b-4c08-86f0-aac17b57b969,781fe903-13d9-43b6-92ec-d2b2ef88b63e,10
a8febc3c-eb0a-44c1-a041-f0c5560ec959,43f0ad5a-1e99-4133-b236-04ff2d0fd029,10
e5a8b447-b29d-448b-a3f0-c663205ed482,2bb93756-6d90-4606-a278-ba433a723e8e,10
4b445c4f-5bda-45a2-ae8e-a0fdf3a6f114,bbf5b5a0-79e0-4b7d-ad27-b8139fbe880b,10
74e48f32-7004-4b48-9366-59a810b6aade,29fc5b7f-26c1-4f3a-9446-0e57dd6f21a1,0
05e3e77d-20a8-4be5-82f4-d17e946a3fda,26b56fcd-8651-4893-a035-4448611fcb75,0
15ec3a9d-139e-4ef4-9e9a-0fad1782d02f,a2e5c7c0-1aea-49ba-8398-d8eba3fb0275,10
bb8f25c7-11bc-44a3-a90c-4403ee88eed1,e4053440-cd5a-4560-a59e-29c136c9b775,10
19cb7dcc-10f0-4dd7-bc23-4a1b7954ce0f,6d6af9a7-028d-41f8-b10d-ea2b06849640,10
60e82708-f296-432d-a386-e3f5cc576d6e,7dca40cf-8aeb-4094-953f-f208cb417db7,10
e24ff4e3-066d-483a-96a5-f68ce9376163,65575fe5-272b-480a-ba12-f4c38ae0b944,0
7609e10c-e7b4-4164-97ff-b29a53ff2611,4ee91336-9815-45df-a566-04b14a562fb6,0
1ed55094-005f-4a1b-804f-18ad089a4484,88820573-5008-4d8a-9b4e-c42635db9169,10
1d27950a-ec95-47a8-8973-6744c797b3d3,f308ab60-22c8-4092-a8ce-0846bbe8c2f5,10
33745313-539a-4453-95ca-b84c8a64fbbb,0eecb05c-747d-4737-a683-2e91c9a9f7c6,0
3eeba996-f405-42f4-80e2-3175c9163840,39e5d7dd-c500-4c9a-a69d-fca1dc16749c,0
ffd91e65-e320-4ae5-bece-f2e7de0c148b,a7c93d3b-13af-4eab-a5ba-59795e3f9afb,10
04e2bac9-ee20-4301-a278-482528c1ab31,2a948a7c-05e6-4a64-925b-65271b35a3a6,0
4738a893-f49a-4f08-8ca0-3fe8fbb925f6,3b51af7b-8ae0-4b33-b899-8a84daa6ebb4,10
886e5ef9-3d5e-42ab-ae18-66567867fc20,bb182dd4-d7ac-4b0d-9199-512a28cddefc,0
d6f41bbe-8ba2-44aa-9253-a1e8a012d422,823bc475-b068-4bff-aae3-e4491d90176e,0
714ac23f-5751-4a63-8295-84fc8b8381cb,f5b68af0-f224-4ad7-b32f-689d2c4a1c77,10
f1a280ce-9ade-4de2-9a60-3692ee9e8fbd,b1076b64-3157-405d-a4d7-f247e4dd470e,0
e713376c-65c1-43c6-935f-b4936169f767,94cf62a2-44d5-4484-9c3e-63e8717d1126,0
c95a0793-a079-465f-856e-a34eac23727e,6986a800-03db-474d-bcd0-52e66700391a,0
c26dc031-cf59-4153-b1c3-d7e3569bfadf,51a39955-01ef-4499-bdb7-0378f81b5a25,10
906c0091-7ce8-4968-8349-8281f0f63b24,ffe1e05b-fac7-4d4e-ac6d-9a01c26236ef,0
1ce8c36f-d9b7-411e-9f72-d4b90b462f7b,494e49b0-6ffc-42a2-8111-e1cf68b80378,0
1cd86ac7-6769-4f16-99cf-1b0929efa5bf,f548e549-da5a-4cf8-9887-0c35167d66a3,0
20202b46-82b3-47e8-ab22-65e3c1aaf943,f55a4012-491b-41d8-bc14-a6ed348106a9,0
a3517d70-7d1b-4cbb-9501-560d7ba0b641,d248a9e6-6a3f-4dff-af06-3704ea588726,0
3bdbcd7a-d298-48fb-a6b2-0bfe321533f3,74f0fc79-b7ab-40d1-b65c-d4b4fd49f57a,0
f7aa3f20-a430-4c3e-9a13-0e46a3420a0d,43f0ad5a-1e99-4133-b236-04ff2d0fd029,0
bf96a450-87fb-4f8c-8286-75f4690dbb69,ae039496-ad4c-4b1e-94d1-b986c6b4a775,10
bea0f9b2-c399-40e9-aaef-2984acc305c0,986688ef-be9d-4a01-ab90-3835e82e9ef9,0
b9be80d5-6239-4eed-b687-8b9c7cba102d,ae039496-ad4c-4b1e-94d1-b986c6b4a775,10
1940b0f6-9d82-4275-978d-26d9b2249d4a,a03282d8-9f59-41a1-bf60-1ab6593e41e7,0
2adecf19-bdba-4480-9ab9-f2eaa54a8a2a,73e5806d-f9ad-4dd5-9abb-4f7cbb28056a,0
43f2c1aa-0499-4ec9-b3df-1d5f12162162,6690ee4b-bfca-4b3a-96d5-3f1f3189be49,10
625cd678-b77d-442f-8a49-08814f1b56ee,620c9cec-8fd3-4e63-9f5b-2314da0093db,0
c7c20591-ff42-41cd-a893-e4631c876cd1,c2a09f32-258b-4f07-89d8-9e4cf6ee225c,0
3bec0aeb-7777-4eae-97b4-a12b3fd9d81a,cba7137e-aed8-4d9f-a4aa-197f2e8e425d,0
52ffcea4-9b4e-4d32-aa46-7693c7351c84,879b6b02-66af-400f-813b-a3884d81cbef,10
503885a6-45f4-4590-9dbd-b80b9c88acba,d2d72891-f7a6-4cee-8cfb-2d41516a0e04,0
1c77ff49-be6e-46b6-8ad7-6175bd1dbea6,8ea308d3-22cc-49b8-abc0-26e9f8736e2d,10
0d25272d-ff58-4099-8a7b-ac6d254c7b3d,74f0fc79-b7ab-40d1-b65c-d4b4fd49f57a,0
0a657f54-2b4c-446b-ab13-7dd0fdb8fec4,80670066-718c-4439-8f9e-442658bef124,0
619f1be7-ba5c-4f1e-9316-6f8aa5ce911e,41bf4c74-c53f-4271-9ac5-9592ac0f9362,10
dded0009-c3ee-4bd7-98d3-2d765db01d8d,d35d930c-315c-4a1a-94a9-be83864626e5,0
ae37bcb2-9432-4892-8601-8e3756f5fc00,c5dbacd8-5a49-4a67-a647-1614c456f363,0
3c53cb26-2649-438b-aa5c-409da11fe073,2286fc8f-d812-421d-b873-21731a0faf97,10
71e6f1ca-aaf8-4476-9254-297aff48d83d,089675ab-c412-45dd-99f3-2865b5ebd6ab,0
909a696f-41c2-480a-97b6-6029b8d6125d,19b4c455-de0c-4b1c-afeb-c0b703f47e3b,0
0a8d12b4-546a-4dfe-b758-7ea6286ff1a2,a207cb16-bd9c-4722-b6ad-15d0e8481181,0
515875b3-28fe-4c66-87ce-fa23f240c184,88820573-5008-4d8a-9b4e-c42635db9169,10
916ed50c-eb3e-47a7-8293-6b7d5a114111,c4da46d3-457e-49a3-b5ef-f7faac6e7b54,10
29d98ca9-c4b8-4355-94e8-7b34ac342fac,022abfc5-e93b-4c85-a312-442434ff70b9,10
8e8c113b-c421-4c69-a119-c99173d73976,725b9598-898a-4f96-b133-bc635daaf3f1,0
e9f0a782-118e-421c-b1ce-8c2857d196ef,c5925b0e-48b3-4a6e-82ed-adc7b207fdaf,0
14354437-c512-401e-9e6e-e0ff7837c5fb,1f77625a-2475-4537-aaf6-5d2925535c14,0
04a89884-dfd5-458e-91f5-c691a8f173a5,76a95f16-2c85-48c9-b767-07b1b0cc78c9,0
cff01b87-ffc9-44b4-9ad3-2c4c57b2047c,29fc5b7f-26c1-4f3a-9446-0e57dd6f21a1,0
41be4c6b-ed58-468c-bc8c-acc98a5711cc,1c853c0f-0327-4d1f-b0b7-b6e807eccfd4,10
83b1f105-b3cb-4557-a99a-9495a7a45615,20ad250b-d8b1-4401-ac26-a23ddbe481e7,0
f81387fa-2124-4be5-b9b9-f261967e7675,b1b9a13f-c801-42da-b596-4ee0761affd4,0
dded0009-c3ee-4bd7-98d3-2d765db01d8d,30ddc113-83eb-4951-9597-94c065c74cfe,10
80bb6f3e-9232-40fa-9b39-634cc3b2f15a,71d2b4cb-4046-44db-a98d-cea11496a2ee,10
7dff2168-83fe-4f2e-9f2f-47a2a1fc9d29,1e0c624e-a332-4a67-9e38-722b8a119d0d,10
b8caf9ba-17b6-45a9-ab17-f9be3fc897b5,c5dbacd8-5a49-4a67-a647-1614c456f363,10
1aa20f74-5c68-457a-bb4b-ed02e184854f,b779355a-9228-45b3-b03f-44b3fac5136c,0
71bf144b-edd9-447f-85c2-2cbcc0526b9c,fc689493-e137-41c7-b591-75e62fe2ceff,0
3c7b3e27-4366-4c59-8fe0-68fd935b9c04,503f4a3c-4fcd-4dc2-9009-b15ccb4bb8ae,10
1c798e4a-14f0-4509-835c-3ddbf47c12a9,739834fd-25b4-4e43-a77d-6cd115a33aeb,10
9b85f7d9-cd8d-432f-8e3d-fa8bd8beb007,46323cbf-e798-4cc5-800d-06c227551686,0
03bbad7a-782e-4748-88ad-dcd2037a102f,bb619189-8177-4d5f-8575-d8965de1ac3d,10
04cfcd9c-3841-4ed6-85a4-036a2783efb7,41bff44e-b0f1-433a-ba10-8f84b47d679f,0
e1cc50de-f338-46fa-8969-e866ae26f6ed,88e09af1-04e7-4ed1-b9a0-a462659ff957,10
c7c20591-ff42-41cd-a893-e4631c876cd1,4bddfaf1-bdab-4d9b-9d51-1529844c1132,0
e05a9fb0-d499-432a-b221-4e59bbbd3705,7fc2cbfe-728a-44f3-822f-33125f4babc4,10
4261bddc-fa94-48fa-8813-8ea327656b83,d6ce4180-5f2c-47cf-8611-220f8bbc884c,10
fe1fe387-1c75-440a-9dc4-bd84be025eb2,155841e4-2c03-4723-8ab7-2d350a3e9557,0
6d88d25a-6360-4681-8027-0d5111e4f51c,8efdd216-f0fd-417e-8c05-a1caed9eea08,10
ae37bcb2-9432-4892-8601-8e3756f5fc00,7a553f30-fa0f-4539-a3a5-36661643abf6,0
5a29a44b-7cc5-470c-89b1-488d426adf95,d2b20942-6c86-49e9-9ee5-f2ca163d6785,0
71571980-3487-4d43-8f91-245adb861c05,4dfd4b0c-9795-412d-9167-3016904ee0ca,0
86287fc5-da21-48c6-a078-03e69b9974bb,1d92bf26-f7dd-4be8-8471-1df3477b68a4,0
e72ba46e-a7fb-416f-9f54-a057f6847cf6,23c1ab0c-1ae4-4457-b2cf-f11b92149e99,0
346c3ff4-0076-42f2-b348-6c3b4241a037,435c0545-38ef-466c-b0b2-34bd3e63df65,0
369f43e1-0da7-4b90-9254-d60b74bfd862,848b0f39-cb2f-482c-b5b7-c7e5c953884a,0
57d2e84a-35d4-4ad8-9dd3-258ee6dbd311,2f3d083a-b59b-4f16-9fba-89f9292f07bb,10
d04b3835-17bb-4f7d-95a3-af255d2d4072,3393cadb-3735-4a06-a2cc-fc2c6f7111ea,10
829bd2c9-0655-4fac-87af-b0d8a5bcb176,8f589231-4f43-49c1-9687-ba918c303764,10
b3c6175e-4156-4df7-ad10-d3f01ff3a04c,1f8f7f07-adfd-4798-be7e-5f68d2da3c36,10
ffd91e65-e320-4ae5-bece-f2e7de0c148b,74ad45b1-d572-4fe4-9157-be85aa2190cb,10
af0a37a1-6fa2-4584-b9c0-ec82e04001b8,e5fd76ed-6b8c-4dc7-836a-16282a1b74a3,0
83167e68-2fde-41df-97b5-98abd3757238,2fb9ed21-897d-4ef7-9e3f-2743a2a82e2d,10
748feb64-63cc-4fbd-aebe-c350d34d9e1a,5d5a197a-99d0-4d54-bbe8-98e49faf79e1,10
c261aac6-fb4c-42d5-a3f7-f53aab6a2f17,ceb09fc3-e1fd-464d-a2d9-851237ca3109,10
774d9522-fbe8-4a23-ac94-37624c91c803,7bc64bb2-e451-4af3-87ea-3f0ef98a31ad,0
3181d0a8-2c73-4e02-81ba-d3bf807e1685,36ac4e36-5d70-49d8-b9d9-6f392adee2d9,0
3b8c0027-0b3f-4c3f-baf2-2dfd28896472,7dbc6325-8cd4-4ad2-99ca-fcf66e9c1e53,10
774d9522-fbe8-4a23-ac94-37624c91c803,0634daca-46f2-4958-ae33-3e88179a1e86,0
d5545073-53fc-42c3-b848-900a34c18445,1e8d3ee4-f12d-414e-b8dd-7388e919f607,0
debd9028-fae7-4ba1-a32b-f3830ed4d857,afda4334-3906-4007-a56c-4005bf8ef39f,0
16dfa875-03c5-4c41-8ebe-d1983ae826f0,5f47ab2b-043b-43cd-9444-06b8a186a83a,10
216f75b2-fda0-44e7-a9df-5e0685a3cdb1,0bab935f-fb96-4961-8524-40e47ac72555,10
e28a4f9c-8105-406c-8e60-269cbf882f95,6e409fd7-ee01-49e1-bec6-5b166db93914,10
54a005dd-b14a-4f1a-b2cd-a077c896e63c,08080d18-dbc6-41e1-b42c-f9a44d86faa7,0
8f9b99a4-bd9e-4677-895a-420ce788c5ed,fe8a5b11-beb6-45f2-8965-df30733300df,0
dc0ce33e-8109-482d-8c46-3bbb877e0e1e,65575fe5-272b-480a-ba12-f4c38ae0b944,10
09c39137-1b9e-40a5-8ec0-e7e19839cbfb,db5fde4c-1555-4791-92f0-23b4fc40e0e7,0
ee208f7e-fef0-4846-bc3a-21ddb0dafbfc,825a656a-c7a3-4b64-b3d1-85c6cd0276c8,10
ca5ddf68-7dd2-40a0-980a-dcc6344bab05,d3857dbe-4072-40b0-811a-13580bc791b2,0
5f126422-17fe-4a76-ad58-5303ded43383,298cbe28-a1ae-4389-92b1-6cd21d175e9f,10
4c40dfde-3576-492e-81a9-d527d8683006,f01f9cbd-5fa0-4513-b5c1-e98049a4e07e,0
cd2aa865-edba-4285-805c-86c23c7bbcc7,a90e0464-9e5d-4965-b4f7-548db5448a42,10
c8e721f4-4e31-4d2c-b17c-89245b1c39c3,e98357fe-c083-4680-8e5d-9f1c74b7f595,10
16d8bdb8-9d4b-49fe-8e9c-976f43f6c4d9,f25597f2-362b-433e-a687-f9c226be919a,10
d3d31218-cc56-4364-936c-0e8a56491c37,e4f22b2e-1c45-4ced-a637-ff58d08e1fc5,10
9f6faf4f-551a-4f88-a27e-9f3c9673970d,b191ccdb-bf75-43c3-babe-93d0722d477c,10
b06aa403-d167-45c9-ace5-e27b240973ea,17f2658a-0639-4920-8500-2ba7600e1d43,0
61178362-d522-470f-ab31-d5cf229d9f62,784817dd-2182-4fd9-9450-c0f394451290,0
744a92c7-d169-4d3f-acd5-180ed3211d2e,66fc9676-24e4-4fa4-9b37-cfae68c9b3fd,10
ca5ddf68-7dd2-40a0-980a-dcc6344bab05,08c1eddd-614c-47b2-86a5-627898ad447f,10
9b2cf85e-85d8-4105-a56b-8eb794778671,acd91647-ae43-4844-8a42-9eb7f250f553,10
9b85f7d9-cd8d-432f-8e3d-fa8bd8beb007,9cc3d9c8-7db0-4688-93af-66d6d7c106fb,0
b3c20d56-23f0-4343-ba88-8f52d362d331,8ef454bb-07a3-4c04-8112-5a41b545b67b,0
f191f89e-2929-4e92-bd9b-2babf482302c,67f8a1c1-e58d-4cde-9a43-548745669733,10
e87126ca-8b4e-4a9d-be03-4801e1987cc2,9e11b7b1-de48-4784-a8a3-cb14ee793e63,0
287f9dcf-602e-494a-9eaa-7597ae36b6e0,1b150722-d385-412e-926d-21e699e151cd,0
dfb62d57-21a8-42f0-80d8-b9d4c8604fb0,663ad14a-1a17-402b-bde7-8e9336fcbcc6,10
f84893d3-513c-4213-bdc8-340bf6539b59,d98ab7e0-b690-46fb-85c0-d0df2d50bc91,10
21047e11-86f0-48ef-8f5e-189f14da36a7,b779355a-9228-45b3-b03f-44b3fac5136c,0
164f5f04-4917-4a66-88f0-f67b0c71af19,2e68b8e4-e659-4f97-bd1b-648ca0d48fd4,10
6baed000-83b5-490f-afcf-8702888f64c3,e83c8c03-4ec6-4ed6-8862-e9eada28bab5,0
8cc1aaec-fb97-4adf-9ed9-053f92382c79,5b9f118f-5354-404c-8793-d4fd16327a15,10
c9febd1c-80a1-4e14-ae4c-04365d82ef4b,198de47b-55fb-4ae9-aa47-6a6b5bea6d88,10
4c9f8f84-3b60-47dd-8ec9-3f83e68f73a0,3579d41e-b8ee-4938-a0d3-503b5c10939f,0
ff3ba853-d848-4c58-b4e6-8e9b16713bea,85c763c7-f8cf-403b-a183-718d8aef5c09,10
79c0b5ca-280d-436b-ad89-1bd0514a9cb2,e83c8c03-4ec6-4ed6-8862-e9eada28bab5,0
3b8c0027-0b3f-4c3f-baf2-2dfd28896472,34d8971c-6e97-4cd5-8ca1-a0bccc919d5a,0
e9353703-c159-463d-9dc0-b7512184df3b,88e09af1-04e7-4ed1-b9a0-a462659ff957,0
6fe1babb-ca53-4eeb-9831-a4fe98432b38,bbf5b5a0-79e0-4b7d-ad27-b8139fbe880b,0
b6a64a72-f3f3-4b45-91d6-344c891d92d7,d49499d5-946a-4180-a022-a82697ef6fa7,0
86287fc5-da21-48c6-a078-03e69b9974bb,a207cb16-bd9c-4722-b6ad-15d0e8481181,0
a574717d-005d-49fd-af42-560e4780e192,1d92bf26-f7dd-4be8-8471-1df3477b68a4,0
521db569-f07c-4ce4-b88a-ec0af76a54b2,2f3c2a67-eca4-4f91-a155-331138bdd84a,10
25c8430a-8a9f-477e-8f60-a33aed3f4b88,e9f6e962-45d0-42ff-ad65-429cbedd01e9,0
c622555b-9a72-4221-88f7-456cb4e61da4,dea15e54-6bbd-4565-8133-ab26dac89a0d,0
5a29a44b-7cc5-470c-89b1-488d426adf95,94640296-e856-48aa-a746-6d42637385dc,10
cff01b87-ffc9-44b4-9ad3-2c4c57b2047c,c97e17f2-2439-4518-8b1c-2f7b95bbae95,10
f3bf73b3-4a9a-47e4-a09e-4278f1afa796,8167fb18-fa17-4427-9eee-ef2fe4bfca51,10
9dc44614-1321-439f-8eb1-c0fef1444c1b,8138fe12-c00c-4dc2-9d11-c9973237dfa3,0
4346b3a8-1a45-4e6d-bf35-6fa70eec419b,960b459c-c3e6-48a4-b66a-4f843353db2e,0
5c1c5393-5812-4343-be14-caa87e005459,6002a200-a503-4770-a129-d24d2912ea57,10
91bfa002-3f9b-49fc-936e-7a21b69af156,b897160b-502a-4534-9ff1-680d16af1f9f,0
73bb01de-adc9-4c69-9dbf-03f36de72a66,95f8fe2a-0ee3-451c-b116-945f6a204df7,0
aa32f37a-52b2-46aa-a328-291b53a84184,53eb063b-4862-4c8a-992e-ea325b55a2ba,10
6414df46-a2ff-4daa-94f2-0c6a29d90016,d410e2b2-c63d-4baa-9199-a071e63e2c0c,0
8c5a430d-3f3f-48ef-be83-0deb1c09ddfe,8ef454bb-07a3-4c04-8112-5a41b545b67b,0
9a4a3275-6926-4039-a876-dd0d59cf847e,e534a938-1441-4110-8bac-796240c6df10,0
744a92c7-d169-4d3f-acd5-180ed3211d2e,b772b3ed-ed93-468e-ad3c-7d9160818158,0
e8f64786-5dcd-4a9d-9cec-1123c74c4b40,2b32a0b1-8dd8-459e-a96b-d0a0b599155c,0
19709019-fdb7-47d1-a2ac-17d9dfa9d15d,65575fe5-272b-480a-ba12-f4c38ae0b944,0
bea0f9b2-c399-40e9-aaef-2984acc305c0,9c4b2dd9-0ba7-4416-85dd-74799d227500,10
a0925da5-b4f3-4d42-9e7b-4bb792edb088,3766be45-ee95-4853-8444-c2bf5a7ba6ee,10
fa1845bb-45ec-4c77-bc02-59c3e0bc63e5,a95e389a-dea0-45ad-b6e1-d9c4a7e548ed,0
27e28ea4-605d-4105-8ab9-877b679d890d,92fd43bf-3e8e-4fb4-8902-528335293297,0
40089481-5f33-4bc6-a30b-a487980c511e,22f45ee9-3d13-41c2-afec-2e9acaf4fd39,0
1c48c311-0787-4a37-8719-b42c1f341db0,c503988a-2933-4a69-b40b-2b28002a5d3a,0
09c39137-1b9e-40a5-8ec0-e7e19839cbfb,a3fd7988-dde0-4a87-893f-54034f309141,0
65ee7250-d684-4d76-8568-b9f48a22d60d,c2a09f32-258b-4f07-89d8-9e4cf6ee225c,0
1f873024-3720-4196-ade1-c6503306b1f3,75ed6e11-9e99-4899-9bd5-bf6a7cee3055,10
645c0453-d564-4c70-96bd-89ae27385efe,b1d34594-0c8a-4859-9303-777b9aa94ef7,10
7d603552-5276-4fe2-a651-7a9bf1bb5a8d,a9468566-ce7c-4e4a-aa8e-c494c68f8062,0
11aea95c-24d0-4fc5-8343-cdcb359ac54c,33c60451-7daf-452b-98b0-0bb7abe3af7c,0
774d9522-fbe8-4a23-ac94-37624c91c803,1256b37e-55c0-4ea3-b625-47ef05c11035,0
8802ae13-f5db-46a1-b71c-8104fcc82014,05011722-23ca-4ac2-93b0-4bef5cb49340,10
3b8c0027-0b3f-4c3f-baf2-2dfd28896472,9cc3d9c8-7db0-4688-93af-66d6d7c106fb,10
3b8c0027-0b3f-4c3f-baf2-2dfd28896472,fc689493-e137-41c7-b591-75e62fe2ceff,0
f7d9dc0f-ba77-4df8-8521-e2e0e20a6f93,c7474d68-4643-4c00-9c68-56d79550b61f,10
0b7746f7-3ea0-4b5b-adbe-ca306bbd8eee,8936988f-9c68-41ac-94ac-0337f4bbd6e0,10
ad85bcc9-3204-4365-9ec9-ec0a781c885d,67369cc9-3806-49ed-8202-b1bfd75e5efa,10
3c1eb831-814b-499b-9ee9-4eaf3b6af317,87b002be-98cd-474a-b37b-5ee801b78e42,10
c725b4da-ce96-4880-9ce6-7894ce910ce0,17f2658a-0639-4920-8500-2ba7600e1d43,0
4c40dfde-3576-492e-81a9-d527d8683006,ad0f8455-32d8-4d8b-8589-4ad0dd68d164,0
cbff8bb8-4dae-4d81-b11b-64b047f05e4a,99e79160-ebd0-4d32-97ec-73ab03d545aa,10
b52653eb-ba67-4c68-a80d-5167c939f5cf,620c9cec-8fd3-4e63-9f5b-2314da0093db,10
1276ef28-26f0-497d-ae94-4a5396806d4d,53eb063b-4862-4c8a-992e-ea325b55a2ba,0
81f556fb-c0cf-41cb-840d-bf4e92e7553a,1a69a885-6db5-4111-bd2e-b8529a923d08,10
19709019-fdb7-47d1-a2ac-17d9dfa9d15d,728c962a-1937-4f99-8001-901111e69142,10
52ffcea4-9b4e-4d32-aa46-7693c7351c84,6cd66598-13f6-4a28-8f1b-89f3b7d30bad,0
bb3eded4-28db-449e-a9d6-f925bfb3c23f,e77959af-093a-4ebd-888c-3a7f3d28745a,0
0283dc38-da0a-4807-8f1b-704a3e1e3651,f908c0e6-fb37-4113-b26e-d60f32d2fc07,0
c7c20a19-e60b-4308-90cb-d3a21b746bbb,a850e43d-e63e-4df4-9ec4-bdc6b3f28b81,10
e75a2639-5996-4633-ad7d-4817c89cf1f4,f8dbc77d-5f72-416f-98ed-2e3b0ebf3d5b,10
d18493d1-e144-41cf-9a98-037d8068a80a,e99796b1-0a7a-42d5-9f46-c41886ff0e82,10
5229588f-f415-455f-a54c-0e2f1deabf97,20559dab-4d34-4e09-9437-89deb68ba442,0
83fa0a3a-f5a4-498f-a4ad-5669a8b05852,bfafffd1-6db9-4b4b-a5dd-e3de6cfe125d,0
15aac7e8-fa66-478c-8b6f-0b9360b0a6d4,fb680335-a4d3-465f-9661-b44c6dc0f4e7,0
853c6144-0027-4613-a248-c8bdd5f4eeaf,d78681ac-835b-4079-97bd-9fb7f3bcd103,10
2171b3ea-1eae-4dab-b6de-54b0c0b7290e,b4cc00ea-bfeb-4a35-bb40-362125fcbe7b,10
d5e818b9-c117-4bca-a397-24d81c2bf6ec,4ec0ebd8-7fe5-43de-8198-d3f5b10c8af4,0
ba0ae283-0bb8-486f-b39e-36a7be184715,e76daa79-0e6b-4259-b5b8-2124ec0c15ff,0
0814ac2f-52b7-439b-94ed-b9ed2b913d4d,5ebf2098-1eb4-4b09-974e-9b640463f264,0
6a761c19-cc2b-4f0a-a999-8d1bb4b423d5,f3408873-86c1-4958-ad06-c94b35bff192,0
8d710183-ddd5-4a95-83ba-3f538afa98b0,ef6eae47-7fb4-479a-88f1-ff5e896fc7ff,0
da6daac9-e514-40ce-8710-a882229c64b4,ebcb4b12-57d3-4448-9a46-2b0d44c9a073,0
b6de0de1-8dff-4374-97dc-3d15ee4597e6,6bf64f25-935a-4216-8868-05847bbce0be,0
6ad45265-b531-4dc0-90af-67472cb41394,c27d419f-6822-464d-9529-5c3da2b50a40,10
cbf00459-0196-4065-82ea-28fe1dba3796,27df01cc-9ac4-4e9e-a86c-f62fee1e68dd,0
bb8f25c7-11bc-44a3-a90c-4403ee88eed1,d7046cc8-fdca-4370-a6f9-e117bc3d71c5,0
a85bdea4-61b1-44f4-8629-8cc63417c3ff,89fb2676-479c-4e31-a694-c5db8c0fb90a,10
bbd3729c-8e4e-47f1-a89c-b9568698ed64,b1076b64-3157-405d-a4d7-f247e4dd470e,10
b337e5f9-4abe-4cfb-8464-1151bacf7d36,9328f438-458f-4541-833e-193413da8785,10
b172d670-a8e1-4388-9925-78c40e9fc52f,e791682c-2156-48b7-8996-9924378a53c7,0
844435c1-e011-4a2a-a4b8-2d0c9894cf06,5dfc9cb3-f9cf-458b-8402-1488330804dd,10
001a718b-321b-46cb-84b7-f32391352315,663ad14a-1a17-402b-bde7-8e9336fcbcc6,10
4adb7f54-6902-4bcc-a58c-3499c5f9c196,889626a1-d2c8-4b90-b445-c24cedab28cc,10
b254d915-5789-4524-9b58-8c800352fbba,e8256f9d-e0e4-4596-83e6-c6ba8ce05ef7,0
95d2cd8f-0c97-456f-af89-22f717bb5c81,6d6af9a7-028d-41f8-b10d-ea2b06849640,0
a65032e3-6999-428a-b2ab-bdc5fb190223,ebb33283-01e2-49b2-b1e1-ff741ce8397e,10
00152cd5-b30a-4a40-92aa-319c046bc938,8578546b-4f76-44c8-aaa8-6b542d2c81e2,10
dc0ce33e-8109-482d-8c46-3bbb877e0e1e,174fea35-f337-4ab5-9000-4a8dea621cb6,0
85a215d9-849a-40d5-822e-3af2f2b9adba,0425cd9e-32ff-4e30-a33a-68d260c12ea8,0
8a7e33fc-1d91-4ed5-a0df-4e841ea1c156,4d4de3b0-c849-4808-b3fa-75e58d4dc1e8,0
e912f41b-1500-4eff-8c1a-da3b5f533f64,36ee8bd7-7778-4849-a010-2d4afd8b8490,0
4f2318ad-1405-48b6-9543-f5c06769fac4,a676f0e9-b8c5-4856-9194-7827f5645d58,0
22c8bdf9-dd4d-4822-b841-270fd311f361,2ebebc9c-c179-46cc-ba4e-dfd613667242,10
2818ca70-6249-45d3-ac62-889ba6704321,0cea817e-a625-44e8-8f96-7c14765cf155,10
ebd86823-cfc4-4eaa-a9e7-9b7364cda72a,7dca40cf-8aeb-4094-953f-f208cb417db7,10
11a49389-4861-4186-b37e-466f5dce91f7,bf1dd3ca-996c-47d1-b042-88d63ca0af24,10
ab8facff-befc-440c-b176-4cb8a253e6ad,a67be14b-58ef-4210-8af0-644b3424bd23,10
651aec4d-38a6-4e8c-9c67-19edc51d424d,48e04c41-654f-4614-a834-905eb5452398,10
8bb4a489-efec-4ac9-8498-dff7c29b8d3a,9ba35d1b-7320-4912-82b6-36b7e539b2a8,0
c1741294-c71f-4583-afe5-978d1360c84a,df9d111a-10a7-4daf-b852-fb661813d719,0
8cbd8b0e-ff77-40b3-acc2-7dc974e6e7dc,cec8fdc6-f0d8-4439-a296-256879386087,0
2e3cb4de-d1f0-4f1d-a224-3dbc15dcab9d,6d7bc655-b92e-4a9d-a15a-261b4c15d60b,10
cd915098-91c8-48ff-acec-e387d0d39a72,bbdb579d-f580-44ed-93dc-87864857ae3d,10
ed3e9b24-81bc-419b-ae09-674197d466a9,ba55d936-bf4c-4529-b95b-7bc4860cec66,10
30c71301-2f4d-4b61-8920-215d4a62da8d,7148f71c-f092-47c5-b2ab-ffa2d2d5827e,0
e76d7722-2641-496a-a48b-3bc1942f9ab0,949def80-7ebb-4ca2-9374-cff3cd8838eb,10
7b5ecfef-8029-4b2c-878a-0ea4493f4280,809a7e52-31db-4297-acfa-f0d30ea5329d,10
857f3916-6a3b-4b31-b655-a0c0fc8188eb,07ed9f9b-fbbe-4cb2-a4e8-b16283818fc2,10
ee8bbf42-3d3f-4dcd-836a-65d3cc412493,36ac4e36-5d70-49d8-b9d9-6f392adee2d9,10
23aae2ac-5f87-47e0-934f-4ec7acff1d79,813195b1-1215-4d90-bd13-1215434fb9e4,10
1f99cc46-f1e8-41fe-bc86-acd6c3ddd35f,ef97d3ab-1c0f-462f-88be-4cb16ce36960,10
5b8ba481-776b-4eb6-8edd-c3ad0511c294,8578546b-4f76-44c8-aaa8-6b542d2c81e2,10
84e11bea-c57f-49ec-8487-8618733c5014,e871364a-ac97-4f05-8646-493e69b9f2aa,10
3158efdc-1fd7-429e-bc09-257a8e40d57d,9e11b7b1-de48-4784-a8a3-cb14ee793e63,0
ceeb5ca5-a56e-4243-9e0f-6237ac0b8a90,663ad14a-1a17-402b-bde7-8e9336fcbcc6,0
c6a7c32a-f5df-404f-96e9-8928350e6545,984b37ee-2a5b-42b9-858b-698cc0007a07,10
43a03cf8-9215-476b-b2fa-40889ba2bd2e,0281ca26-6928-4fc8-a0f5-9c32f6ec9754,0
2d4ce68d-2362-44d2-b411-ad5fc6fd09a6,f8017a0a-dbba-473e-bf8c-4e05f251f7b7,0
29fb82c9-a7aa-450f-93aa-c2a5c92accfc,18b9a62b-725f-40cd-a3c7-824255f26cdc,0
53f68581-b13e-4369-8f06-82f13111716a,2aca5449-059d-4050-a233-ae773be61ad7,0
6a01eacd-5b46-409c-8179-5697f02cf573,1e0c624e-a332-4a67-9e38-722b8a119d0d,10
8802ae13-f5db-46a1-b71c-8104fcc82014,ebcb4b12-57d3-4448-9a46-2b0d44c9a073,0
892f396d-3a58-47a3-9041-8e4fbb59e534,5bb057ce-c50d-4e6f-aca0-be6f8fe7b34b,0
ed36aa57-dc1f-45fb-a80f-202635fb4b7a,23c1ab0c-1ae4-4457-b2cf-f11b92149e99,0
6ad45265-b531-4dc0-90af-67472cb41394,739834fd-25b4-4e43-a77d-6cd115a33aeb,0
71bf144b-edd9-447f-85c2-2cbcc0526b9c,20747eb7-ab79-414b-9afd-36f98437b06b,0
e964616a-3be4-4149-bd5d-2a11b923e5b3,78e7cd11-5d35-465a-a1f5-4759f1b383cd,10
26fa340e-1ed8-46dd-a906-202566091953,76eb7fbd-71a8-44fb-9182-60e620b478a1,10
196646c2-63a6-4b0b-929d-bee3c381c351,7271dcae-959a-448a-9d4e-0c6d4f71bec2,0
a9c81f8c-2861-476a-b538-cfd199226be9,d3857dbe-4072-40b0-811a-13580bc791b2,10
54ce2566-776d-4a9e-8dbc-a1aaede638b4,620c9cec-8fd3-4e63-9f5b-2314da0093db,0
0e7d8be9-9705-4cea-b1e2-c590186c01cf,809a7e52-31db-4297-acfa-f0d30ea5329d,10
5342c694-e728-4fc5-8787-27f16f90edc6,25a07dc5-775b-4499-8574-a3e4e9b9fca9,10
ed3e9b24-81bc-419b-ae09-674197d466a9,6e409fd7-ee01-49e1-bec6-5b166db93914,0
3ef50816-e1da-4883-ad66-196617561508,3b35fd0c-d8d6-49b2-a207-bf1c0a4b345b,0
1940c505-4af9-4a66-bb41-ac63b6790127,a2e5c7c0-1aea-49ba-8398-d8eba3fb0275,0
b9be80d5-6239-4eed-b687-8b9c7cba102d,fc19c27a-5dce-49e3-9542-bbf1361a9450,10
94156373-f85c-4caa-8310-5c92f7861190,3f80dc9d-8727-409f-a23f-96ce939e22f9,10
d543d49e-4b5d-4279-b924-e69215ec98d2,f5ff1f8b-7849-4df2-8d10-dcc053412665,10
a8febc3c-eb0a-44c1-a041-f0c5560ec959,0bab935f-fb96-4961-8524-40e47ac72555,0
d5e818b9-c117-4bca-a397-24d81c2bf6ec,93ae9787-5d48-40d6-a334-a30dbd51e300,0
8cc1aaec-fb97-4adf-9ed9-053f92382c79,b3f1b4eb-0564-405d-95b3-78deb9866efc,10
d5e818b9-c117-4bca-a397-24d81c2bf6ec,1a60552f-555b-4eb8-9d1f-25237e8e9478,0
e9c953e7-9d23-4e19-8e40-bcc40ef8fafd,77bdc5f7-fcf8-4373-adeb-8d444e1818e1,0
892ead6d-6fbe-452e-93b6-9c635bbb8dac,335d17f4-9a7d-463a-ac8c-28c4b23e17ba,10
835c02d6-2a4a-4899-bb4c-ad20a4145200,c2e4581a-6e0f-4cea-a108-17adc5321360,0
0050570f-cbbf-4e60-a520-c331829a2a08,986688ef-be9d-4a01-ab90-3835e82e9ef9,0
0cd90605-2c9a-457e-aa02-a1a17ca99d65,587d1bff-15c0-4520-8d73-fed180eca5e5,0
9124ea09-cd29-4ad8-b005-5cf5edf794e6,cca9ac5f-3471-4e3a-8687-15fc09bed8b9,10
7594b0f5-b761-47df-875a-af40b15aa7ef,bfe3b14a-9406-46af-8505-b28ab3bc16d9,10
b856ae5f-e514-4714-9ff2-0f397479986f,e83c8c03-4ec6-4ed6-8862-e9eada28bab5,0
d696f3a4-badf-431e-b322-322471ba854f,d5a2a5f9-8f18-4fda-b6c4-87684658c07f,10
2fcd1bef-3792-4192-828b-886e661aba47,b1d34594-0c8a-4859-9303-777b9aa94ef7,10
e50a819e-3248-4349-82df-26680a2ba0a5,b91d7804-71df-487c-baba-faf629b18a2f,0
55ab1095-51e6-4565-bda7-3f8d42473c96,d59f46e8-d336-4f9f-bd50-aca61a2b7245,0
500aeb15-32e9-45af-9853-6ece01d7a77d,98cd2249-e848-4545-8644-5aa596169954,10
a8e331cc-3649-4ccb-bb41-f671efdf4e9e,616d7684-921d-4896-9b89-f1589860fdc5,10
00152cd5-b30a-4a40-92aa-319c046bc938,52bb1734-aa03-4252-8db4-9976c72f4f05,0
3bdbcd7a-d298-48fb-a6b2-0bfe321533f3,8097064b-e61d-4076-8654-dda9016532f4,10
e22e57a7-50af-41f7-a1bc-a65863e4e90c,81a1d9f5-b807-4c4c-9b70-56af17e02fe0,0
1210c27b-3841-448a-8000-d38eec36e180,1dfe9b1d-e0a8-4824-aa6c-40f0118a0cb2,0
0c72d8dd-a57f-466f-832f-1097312bfd65,9c4b2dd9-0ba7-4416-85dd-74799d227500,10
1f7d64ed-9eb7-4dd7-8575-7c6321fdde35,f5ec9a8c-aa56-4551-97e5-2a7c762477e9,0
a9d4021d-78a3-4778-8005-1a946a22fde0,1ba73283-2d4b-41db-b618-ee3e4d91184a,10
763981df-dcb1-4c6c-8116-33749106416a,be59bbe7-0849-4b53-ab8c-803f3e671399,0
535dac8d-5982-4b4e-a396-5b68861091ed,abe626b3-319c-4901-a9d4-665da5e21ac4,0
c002df1a-f721-4773-b1f9-478e5a16558c,5bb057ce-c50d-4e6f-aca0-be6f8fe7b34b,10
a2ba2cc8-6ab9-46d4-ae70-43ad438b29f5,7271dcae-959a-448a-9d4e-0c6d4f71bec2,0
b6de0de1-8dff-4374-97dc-3d15ee4597e6,d78681ac-835b-4079-97bd-9fb7f3bcd103,0
bb8f25c7-11bc-44a3-a90c-4403ee88eed1,2c050edc-dfd8-4edf-bd25-8eee26f93f86,10
8720015d-87d2-4c72-9228-d7928cd64a99,830d5339-0630-4389-a57e-1b7bd4f8e0b1,0
ecf333a2-45e3-4285-89f8-dd88e0080143,ea8551b6-3a61-495d-8513-16e20a927790,0
385b2a3b-729c-4692-b472-6425a77bbea0,0430d88f-05a9-4588-b22a-3cc122ecbb54,10
0b00bc2d-0d25-464f-a2f4-f89d75aaac43,22f45ee9-3d13-41c2-afec-2e9acaf4fd39,10
2068f2f5-ca38-4930-9328-5dc4ea945a46,32e1cd7c-a435-41f0-b8eb-f49810266a08,0
825ec3d4-8376-4da0-a297-1165525dc388,6690ee4b-bfca-4b3a-96d5-3f1f3189be49,0
999c59cf-c768-40e0-8d52-80a67f4b9995,a5dd3059-bd1a-4eb1-af01-c0a16eb2252c,10
78ed4cd0-2e2f-4ecc-8320-9bf31ac7e73a,0a69dad6-3849-4ed1-9195-1f4bdd6b46e5,10
0fe732a6-1df6-4cb9-aad9-81518f49db60,e1081516-4672-4f2b-9cda-70d9da170050,10
a9087cd4-8e0b-40f9-9e46-d843d2587ff1,4dfd4b0c-9795-412d-9167-3016904ee0ca,0
7f2bdee9-22d0-4522-9c15-8a47443f98c7,d171d922-f346-4988-9f9b-3b385499ba94,0
80bb6f3e-9232-40fa-9b39-634cc3b2f15a,972feacf-fc7b-4bfe-83d8-1326e7680f27,0
d64bd6b7-0663-4888-83d6-97ac1a271251,b586ac25-3559-4242-bf07-0c9986d2f555,10
cbf00459-0196-4065-82ea-28fe1dba3796,fc640b09-4902-496d-a501-e9d30f149519,10
4f5675b0-2c1b-49f9-9cb0-be344cb97a6f,c4b53038-3804-4b05-82f2-f2371508f647,10
