eb3a9112-0433-484a-ae3b-4a586894b4af,Movie 1
d3e5078b-7ac9-4d5c-a34b-8cd6f6280525,Movie 2
e8256f9d-e0e4-4596-83e6-c6ba8ce05ef7,Movie 3
899ed7a4-09bb-42a1-9e72-2b85012b243e,Movie 4
735baf44-6d83-44c2-b6e3-0914164c0450,Movie 5
b6c22743-aec9-4263-8e20-beb1ebf4f2c5,Movie 6
410d5e04-588a-4141-aa1e-c024ea3ab164,Movie 7
8a3cfbd7-ffbb-42a6-ba36-536bea4635e5,Movie 8
f548e549-da5a-4cf8-9887-0c35167d66a3,Movie 9
5911a4a1-f41f-4565-9283-c2aedd270a61,Movie 10
ad0f8455-32d8-4d8b-8589-4ad0dd68d164,Movie 11
734cd316-f590-4a2f-928e-d6989528ff52,Movie 12
f9902fb0-6efd-46ba-a3b6-c3d95c08bddb,Movie 13
d410e2b2-c63d-4baa-9199-a071e63e2c0c,Movie 14
5f3004ff-d714-4a3d-b554-f798e3014a21,Movie 15
badaf6a0-0599-4d7e-917a-01e57c09cee6,Movie 16
1f77625a-2475-4537-aaf6-5d2925535c14,Movie 17
a7c93d3b-13af-4eab-a5ba-59795e3f9afb,Movie 18
59b9be69-1ab7-4d4f-99d8-7a4da49745bc,Movie 19
af06ced5-9d64-4bf3-8ae3-c845d2d0a4b3,Movie 20
5d5a197a-99d0-4d54-bbe8-98e49faf79e1,Movie 21
32f722e9-791f-4bcd-80d5-ac1f5d9bb2fc,Movie 22
eccc2cf2-8a32-4774-a897-8452e85eaec4,Movie 23
4284f8ca-df96-4330-a9d0-be583bfb45f5,Movie 24
2fb9ed21-897d-4ef7-9e3f-2743a2a82e2d,Movie 25
323f679e-bdf4-4a91-992e-007bc3ccc266,Movie 26
ebb33283-01e2-49b2-b1e1-ff741ce8397e,Movie 27
373ca3f1-7e7a-4d7b-afed-d297c617c979,Movie 28
9163692a-29a5-4e7e-8ddb-69fd14db886a,Movie 29
7172bf6a-8d97-4abf-b430-3dba91c58333,Movie 30
91568bbc-4cef-4605-bb99-79064fa6e5e2,Movie 31
8c63a8ae-80d6-46c0-80f3-66b5266f3356,Movie 32
27df01cc-9ac4-4e9e-a86c-f62fee1e68dd,Movie 33
18879a02-9366-4d5b-8b1e-a91c937892c6,Movie 34
b586ac25-3559-4242-bf07-0c9986d2f555,Movie 35
70979932-2563-4684-ad2c-cde0063cf143,Movie 36
77bdc5f7-fcf8-4373-adeb-8d444e1818e1,Movie 37
1a45e7c0-c0f9-4d6c-8cb9-6a40a75d64d3,Movie 38
e5d8035a-1e2e-4e63-bb7c-3ca252cd7528,Movie 39
0425cd9e-32ff-4e30-a33a-68d260c12ea8,Movie 40
e7dbd9cc-f3b1-435a-b013-87ed634acc37,Movie 41
842be33b-763a-4d89-b500-bf9e22ce78d9,Movie 42
ceb09fc3-e1fd-464d-a2d9-851237ca3109,Movie 43
fd788886-013b-4572-9e0a-fec111b3bffd,Movie 44
fc689493-e137-41c7-b591-75e62fe2ceff,Movie 45
4e0c0854-d8ba-4c71-8c7f-0d5b7a7be35c,Movie 46
34c7b3c0-bcb5-42eb-a6f4-a6b11d3caaa9,Movie 47
c29ae1e9-c917-47ba-8057-db70fd5d1d44,Movie 48
984d92ea-73ec-4f59-b203-27245300dd6e,Movie 49
fc19c27a-5dce-49e3-9542-bbf1361a9450,Movie 50
3766be45-ee95-4853-8444-c2bf5a7ba6ee,Movie 51
e1ccbda1-d84e-476c-9e98-e00c985ee904,Movie 52
4e2d3949-1c96-417d-bec3-ae798754565c,Movie 53
4d5e8a72-86e4-44a3-beaf-c3965a6086c1,Movie 54
825a0db1-9565-49bb-9999-5add07a75acf,Movie 55
5d5c2e35-e4d8-4da7-a689-6b943f9d5259,Movie 56
0f90c584-50a6-4655-8999-5cb2cb60fc04,Movie 57
fc9829d6-342c-4ea1-8ca8-aeb6aeff3ed9,Movie 58
aeee3703-1c39-4110-a978-9920343beb87,Movie 59
e77959af-093a-4ebd-888c-3a7f3d28745a,Movie 60
6986a800-03db-474d-bcd0-52e66700391a,Movie 61
d171d922-f346-4988-9f9b-3b385499ba94,Movie 62
e76daa79-0e6b-4259-b5b8-2124ec0c15ff,Movie 63
62e05404-86a1-40f8-b887-d555ad83ba1b,Movie 64
3f80dc9d-8727-409f-a23f-96ce939e22f9,Movie 65
67369cc9-3806-49ed-8202-b1bfd75e5efa,Movie 66
174fea35-f337-4ab5-9000-4a8dea621cb6,Movie 67
511ced22-f2fc-430c-97c1-5d68edd389a7,Movie 68
d145d179-55fc-4517-b317-567a7d2c7b29,Movie 69
3f777657-7b7a-4c3b-b817-0bd1c930d337,Movie 70
55f9633f-8234-46b5-b94a-5dff8d43d660,Movie 71
ae2e2128-9b66-4739-9427-2d1efc7e705c,Movie 72
1e8d3ee4-f12d-414e-b8dd-7388e919f607,Movie 73
c622e326-a53d-4e99-b99d-0fcc721c890f,Movie 74
073b2cc9-d013-4389-b6cc-176adbd01137,Movie 75
e3c0f710-802e-4ef5-9f43-9a6f40c3237e,Movie 76
a6ea0df0-55d4-4c46-b499-7eaa41eec38f,Movie 77
30d447e7-08eb-41b3-9fad-d3a22464bdcb,Movie 78
03223eca-27ef-4793-9f1e-ffc006f11061,Movie 79
c121cb01-e614-408c-9112-208dbdef919d,Movie 80
38c07ff3-ed1a-4a65-886f-ebabb00f1744,Movie 81
781fe903-13d9-43b6-92ec-d2b2ef88b63e,Movie 82
6c7219d3-d0cd-448a-9e7c-ab55d3263e3e,Movie 83
61610007-c1cb-41cf-b4c1-bb0e2d06ad4a,Movie 84
b1076b64-3157-405d-a4d7-f247e4dd470e,Movie 85
aea954b3-3548-4b30-ab27-32e5c3f4cdf4,Movie 86
edc09880-17fa-44f7-950e-89663300e211,Movie 87
dcc6cfac-c359-4da1-8674-99ed351c0ec9,Movie 88
c7f74a32-c7d3-44bd-9899-3aab1acef8c4,Movie 89
5bbd0bb7-cc69-4653-9e30-265ff325c628,Movie 90
4d4de3b0-c849-4808-b3fa-75e58d4dc1e8,Movie 91
e83c8c03-4ec6-4ed6-8862-e9eada28bab5,Movie 92
e6732b97-9ba6-4c30-b18d-bc20d6f26756,Movie 93
32e1cd7c-a435-41f0-b8eb-f49810266a08,Movie 94
ee51365f-6da5-439f-accf-bd7d3e5a2c95,Movie 95
5ea457c7-0218-4568-9181-39921b83389a,Movie 96
be59bbe7-0849-4b53-ab8c-803f3e671399,Movie 97
5bb057ce-c50d-4e6f-aca0-be6f8fe7b34b,Movie 98
722c9e03-c81f-49c4-9d4b-7097cf013479,Movie 99
0196f47d-75f0-4204-aaf1-4cb676213522,Movie 100
ab9f82ea-2da6-4b84-9979-ea6201dfa694,Movie 101
ad62ad3e-e2a9-4d79-b025-7a22ddb2c4f0,Movie 102
af70a213-2303-4d29-894e-a8a180a77275,Movie 103
20ad250b-d8b1-4401-ac26-a23ddbe481e7,Movie 104
d59f46e8-d336-4f9f-bd50-aca61a2b7245,Movie 105
f06336d2-3454-42f7-b998-636c50e4388c,Movie 106
813195b1-1215-4d90-bd13-1215434fb9e4,Movie 107
144d0246-67f5-4bc1-95d6-f94d917191a9,Movie 108
12675b18-ff8e-40d3-9106-b7c9f3bcbdef,Movie 109
7a553f30-fa0f-4539-a3a5-36661643abf6,Movie 110
a8eedb3b-96dc-4c79-a8a7-052faad6f78a,Movie 111
9782c86b-6e8b-4f13-a250-bbd3577dab3c,Movie 112
585f78a4-d690-4596-9feb-e10078e7fbfa,Movie 113
8f589231-4f43-49c1-9687-ba918c303764,Movie 114
6f6e95e8-ce0b-4107-a0b2-bfa40b9889a2,Movie 115
9f435a1b-24a9-4c6d-a6a3-bbf20c1ac44b,Movie 116
293a1908-1ee7-4028-a1a5-15c8d215eb38,Movie 117
b530e354-37fb-439e-9006-33010552b484,Movie 118
b8cc839f-3af9-4f39-9269-0ae4b92b1044,Movie 119
74f0fc79-b7ab-40d1-b65c-d4b4fd49f57a,Movie 120
7271dcae-959a-448a-9d4e-0c6d4f71bec2,Movie 121
f5ff1959-517c-4fa5-bf35-be0eeae023a4,Movie 122
92d099ad-9e51-451f-8696-8ab2cb6754c2,Movie 123
46323cbf-e798-4cc5-800d-06c227551686,Movie 124
695fdb9a-820a-40ee-9d08-9badd12fcfe2,Movie 125
fb96a557-9d36-47d8-89a0-62789ca3481f,Movie 126
5d0ce9b0-5267-41d1-aae9-d2f46d3eecd3,Movie 127
e936cf7b-1456-4c1e-ab78-1c9071229567,Movie 128
bee157a4-a0cc-4797-b64c-e646a9dd616b,Movie 129
a03282d8-9f59-41a1-bf60-1ab6593e41e7,Movie 130
b82695aa-8ec2-4858-8afa-a4c74eeb0206,Movie 131
31c08825-e733-48cc-bc6b-0306e6122b84,Movie 132
9accb4de-61d9-4ec0-884b-92946b484c18,Movie 133
9ba35d1b-7320-4912-82b6-36b7e539b2a8,Movie 134
58e16581-0549-4f24-83cc-c7f9ff87c876,Movie 135
bfe3b14a-9406-46af-8505-b28ab3bc16d9,Movie 136
5d996ab5-e237-4557-b98c-eb9f42643610,Movie 137
4f4e9146-d858-4b65-a247-47a7a721ed6c,Movie 138
abeb48c4-65cc-43e1-ae2f-a0425b8dbb22,Movie 139
8284cd87-f8cb-4a88-a813-1e4b34b9cea0,Movie 140
59888e5d-cf0b-40f0-a38e-9d758e9e37bb,Movie 141
b191ccdb-bf75-43c3-babe-93d0722d477c,Movie 142
a2ed458c-40bc-4b81-8b8e-6c6614d41715,Movie 143
d98ab7e0-b690-46fb-85c0-d0df2d50bc91,Movie 144
b435f288-8747-47be-9095-f87448b4cf72,Movie 145
ab8b3fd9-3ec6-4f32-a7c8-9e5265f2e277,Movie 146
2d223072-f56c-494a-a336-23ebe010e64b,Movie 147
335a175c-a565-44c6-ae02-f2c6ca298a1f,Movie 148
6c64d73b-b5a4-4304-b692-7fa45be0be49,Movie 149
3cfb7bf0-03c6-4d62-9133-8c0f03c3dac3,Movie 150
d1ddbaef-4530-4e21-a62e-3532d441b63f,Movie 151
ac1cbd14-cba7-4266-810a-b1cc82eab19a,Movie 152
2421edfe-35ff-4e2b-b1db-f79f04e3ced3,Movie 153
70bbb596-a437-465a-9193-2fd8ff610e76,Movie 154
f77acbcf-2c53-48bf-8128-26f9fc8be794,Movie 155
72faa0cb-c0a2-4e5f-b638-9ac02e97f685,Movie 156
f476a112-c1ee-4506-bf49-383bef2f22e6,Movie 157
cb47284c-76de-4956-83fc-7ca7aacac3eb,Movie 158
c7474d68-4643-4c00-9c68-56d79550b61f,Movie 159
4a428079-7166-4a23-86dd-a0ca73e33b51,Movie 160
ea004744-1d9b-4882-902c-ebee34482fc5,Movie 161
70223820-4e0b-4dcd-acb6-778290e30c7b,Movie 162
ba64e8d3-41e6-47f5-8f85-e34a686c0fbe,Movie 163
3e9191bc-93ab-415a-ae5c-c254db3a4a77,Movie 164
0500e051-2c41-4400-8999-35c0dee55e2c,Movie 165
9c48a616-9256-4f90-bd2f-a137496977fb,Movie 166
ac366d77-237f-4676-b75a-7112bce7325b,Movie 167
5dfc9cb3-f9cf-458b-8402-1488330804dd,Movie 168
b4cc00ea-bfeb-4a35-bb40-362125fcbe7b,Movie 169
51a39955-01ef-4499-bdb7-0378f81b5a25,Movie 170
5ebf2098-1eb4-4b09-974e-9b640463f264,Movie 171
93ae9787-5d48-40d6-a334-a30dbd51e300,Movie 172
8cf8e346-c588-4fc6-bd21-0a972303b7de,Movie 173
0cea817e-a625-44e8-8f96-7c14765cf155,Movie 174
7cdc1b75-b597-4d17-ae1e-7854973db05e,Movie 175
22f9129c-017b-4b86-854d-d12b799f55a0,Movie 176
728c962a-1937-4f99-8001-901111e69142,Movie 177
1dfe9b1d-e0a8-4824-aa6c-40f0118a0cb2,Movie 178
e0a7d798-fcd9-4fed-84f3-431111f12e4e,Movie 179
ff94ed7f-bc1e-4c79-8e07-d97a08e6a582,Movie 180
a54abd9d-ddf0-4444-8428-db81eb222ccb,Movie 181
d6f0b84c-0880-4f5d-8d18-cdda0da1bdd2,Movie 182
c5dbacd8-5a49-4a67-a647-1614c456f363,Movie 183
5b0861b2-e557-4608-ac67-861cf5e71cf3,Movie 184
8138fe12-c00c-4dc2-9d11-c9973237dfa3,Movie 185
5ed1ca96-5343-4ddf-a2f4-8776a36fce08,Movie 186
c0879b3c-f61c-4960-9127-a45398dd2264,Movie 187
527b6a38-7578-4fc9-8bcd-5c91708fb746,Movie 188
dfc6b331-de1c-409d-9bb4-21a73c6a4966,Movie 189
e5a4deb1-3dad-4881-8f7e-b34fb5ef16c8,Movie 190
dc380327-8ca7-4ccd-8629-69d06ad08f0f,Movie 191
0f0be147-e125-4f9e-b2f2-11321b5fb843,Movie 192
6aabfaa9-b3c0-445c-8f0f-06faefb2b469,Movie 193
494e49b0-6ffc-42a2-8111-e1cf68b80378,Movie 194
42d65c66-4a81-45b7-ac70-d1f63f7a48ad,Movie 195
bfafffd1-6db9-4b4b-a5dd-e3de6cfe125d,Movie 196
c6a3d6a4-f1e4-4632-8fb8-2703fc716a65,Movie 197
3f8649f0-d695-4e84-b195-b3ed22a074f4,Movie 198
f25597f2-362b-433e-a687-f9c226be919a,Movie 199
17b9cc3f-e186-4510-82d1-52da1b07cb70,Movie 200
b24985ea-1435-4ea8-a5c2-9997fe0d330d,Movie 201
2f3c2a67-eca4-4f91-a155-331138bdd84a,Movie 202
ea8551b6-3a61-495d-8513-16e20a927790,Movie 203
8a75f37c-f05a-4460-96b3-467a77456b2b,Movie 204
7dd2e711-53ce-45b7-87d2-b25218c0b902,Movie 205
bbe7dbaa-c8b6-4091-89d2-1170f780d487,Movie 206
8167fb18-fa17-4427-9eee-ef2fe4bfca51,Movie 207
2401324f-e945-4d1c-8929-75c65ffc329b,Movie 208
7418221e-7e55-4600-a515-9445bf7cc9ed,Movie 209
a39a1b8c-06a9-4a97-ab16-2faecc433e91,Movie 210
6076a991-6eba-41ce-ab1d-e2589b90b982,Movie 211
efc081b1-98ee-43cd-8201-139603faf3bd,Movie 212
74ad45b1-d572-4fe4-9157-be85aa2190cb,Movie 213
7d081eca-c2ca-4f8c-9703-88fba9f3e9ec,Movie 214
1c5da694-7da7-40b0-834c-213542031027,Movie 215
a6a02209-c709-4199-ac48-95b38656d232,Movie 216
95f8fe2a-0ee3-451c-b116-945f6a204df7,Movie 217
341f8012-0cbb-46e9-bc26-1202d1e06246,Movie 218
1783b365-007b-4bb7-8164-597ec5dacf95,Movie 219
6d6af9a7-028d-41f8-b10d-ea2b06849640,Movie 220
a6756b8d-7661-469d-a9ca-dde49fcf29b0,Movie 221
29f606f7-d6e8-4f04-9371-eaa99fc8b885,Movie 222
46e3cb53-4c70-4ecf-ba82-3d684b35af82,Movie 223
34d8971c-6e97-4cd5-8ca1-a0bccc919d5a,Movie 224
b43e524f-7f86-42d1-9a43-ca708ba09708,Movie 225
c7609009-b0b8-4142-8ede-6559d26585d7,Movie 226
c4f52ff4-181f-4954-abb5-199ad4fcb8d6,Movie 227
9af787ea-9a5c-46fd-873e-4ae658cbc5d3,Movie 228
e130f336-4a1c-40ad-aa91-c12101be6906,Movie 229
b7120dda-243e-46fc-9738-7f2ae504e29c,Movie 230
bbf5b5a0-79e0-4b7d-ad27-b8139fbe880b,Movie 231
64e6b710-ce25-49f4-a247-1d9d075a2ec2,Movie 232
725b9598-898a-4f96-b133-bc635daaf3f1,Movie 233
831c54c5-86a3-4606-95df-1e398f5d8963,Movie 234
71d2b4cb-4046-44db-a98d-cea11496a2ee,Movie 235
66e20efb-fdb4-4f01-8034-6b0b273e8a25,Movie 236
684d6707-676a-4ba8-b839-0e982476be5d,Movie 237
5d75a578-a8ec-4a6a-91ab-45195d73020b,Movie 238
e5f6a6f9-5070-4849-8cec-986ac19d6105,Movie 239
9743f0f1-5e7b-406c-bf31-b9ef5edda5b3,Movie 240
83286bf9-7a2c-40dd-9336-3d359779bfa0,Movie 241
45736c37-4f39-4970-b16a-192d6f4c0e93,Movie 242
a207cb16-bd9c-4722-b6ad-15d0e8481181,Movie 243
2aaf71e1-d70b-4932-a31b-f6c551bd2fce,Movie 244
4e026910-4581-4155-8348-8c0be18c4175,Movie 245
c76ba195-941b-4cda-9724-afeeaac763c5,Movie 246
573a35dc-2367-4c9d-a717-a510be98b43e,Movie 247
b68fb968-0b46-4e7d-8731-f65d61151d0b,Movie 248
d5a2a5f9-8f18-4fda-b6c4-87684658c07f,Movie 249
373face1-5097-4656-91c0-bdafde8d4f82,Movie 250
e8e2d1f8-a232-48c8-9ad8-06215cc79afe,Movie 251
8ef454bb-07a3-4c04-8112-5a41b545b67b,Movie 252
b779355a-9228-45b3-b03f-44b3fac5136c,Movie 253
3579d41e-b8ee-4938-a0d3-503b5c10939f,Movie 254
89fb2676-479c-4e31-a694-c5db8c0fb90a,Movie 255
de6dfd51-b956-4996-af3b-e90c930d1a27,Movie 256
91f13848-725c-4289-bcfc-2e83ed2db928,Movie 257
37bd0a6d-ca26-40b9-b799-6651d79792bf,Movie 258
6545cb40-8b3c-479b-b8fa-2643d11f65c6,Movie 259
f55a4012-491b-41d8-bc14-a6ed348106a9,Movie 260
ffe1e05b-fac7-4d4e-ac6d-9a01c26236ef,Movie 261
f5ff1f8b-7849-4df2-8d10-dcc053412665,Movie 262
db3eb28e-d236-4e0a-879f-e1a57fe8f5f8,Movie 263
ff157178-f78c-4a4e-b223-2d4aab3d16b3,Movie 264
9d09da6d-6c7a-4395-8d2a-7d447f832a3d,Movie 265
02e2c9fe-036b-4a33-8806-c014837ec653,Movie 266
9e8d449d-8b19-4b32-bb5c-2752cccf5cec,Movie 267
fe57b0ec-a7a9-45c1-90e5-8b1f27ce2540,Movie 268
429c068e-7f79-4091-aa39-0dc61d2d3c13,Movie 269
072651af-4668-45c7-9fe4-6cc04a851220,Movie 270
949def80-7ebb-4ca2-9374-cff3cd8838eb,Movie 271
3ff16038-8390-4e8d-986a-ebb6feda4040,Movie 272
87bb9b36-821a-4e25-9ccc-51a3fa909234,Movie 273
816cdfd3-47bd-4e2d-8440-b87e3c7f3676,Movie 274
7bc64bb2-e451-4af3-87ea-3f0ef98a31ad,Movie 275
bcaaa417-2342-442d-ae95-8fbb945ebf11,Movie 276
09b790cb-fa2b-4f0f-851a-a639377f66de,Movie 277
e5fd76ed-6b8c-4dc7-836a-16282a1b74a3,Movie 278
25668d15-72cd-4345-9c1f-fa096f9521a0,Movie 279
bb519fe5-02b3-4c20-9674-d27bbf468ba3,Movie 280
5a39d736-eb12-40bc-b8ad-c7810b5a7aee,Movie 281
27f2edc6-ce72-4b2f-970f-a72dac8fee43,Movie 282
350c6a62-9194-444a-bad0-5fd10f171f1c,Movie 283
4aee54fd-c674-431b-a59d-6859fd3ed7cd,Movie 284
a676f0e9-b8c5-4856-9194-7827f5645d58,Movie 285
ad819638-b21b-47fb-95a8-2a03311f261e,Movie 286
2c050edc-dfd8-4edf-bd25-8eee26f93f86,Movie 287
e1ef4817-5b61-4042-ae49-b6a6c5cf0eb2,Movie 288
1f8f7f07-adfd-4798-be7e-5f68d2da3c36,Movie 289
5abc2c1e-e91c-4beb-9d4e-2e592bfa4854,Movie 290
cba7137e-aed8-4d9f-a4aa-197f2e8e425d,Movie 291
298cbe28-a1ae-4389-92b1-6cd21d175e9f,Movie 292
c2e4581a-6e0f-4cea-a108-17adc5321360,Movie 293
56d14132-9ce3-4311-871c-ce8e4ad89390,Movie 294
49c11969-d7a1-4284-93d2-cc9e0608fcd6,Movie 295
32e1c676-97a8-414b-8ddb-cce7d1d5aa67,Movie 296
3502d4d5-cb77-4344-b499-8a69937aa0ba,Movie 297
20747eb7-ab79-414b-9afd-36f98437b06b,Movie 298
fbaf3594-e051-4df5-9f79-ea97a609f433,Movie 299
ca73b697-8768-45ef-8b70-1d03cd3f3c84,Movie 300
71ee3b6a-a522-409b-b8bb-498bced36581,Movie 301
e0032df7-01f1-421b-8655-637685b42259,Movie 302
0268f7e0-0527-4c6f-8a47-b29bb8ad580e,Movie 303
499ad083-9df0-43dd-9d7b-c32b379b9a15,Movie 304
848130a1-8ae9-4307-8e58-0961b478b506,Movie 305
98cd2249-e848-4545-8644-5aa596169954,Movie 306
2b32a0b1-8dd8-459e-a96b-d0a0b599155c,Movie 307
e9f6e962-45d0-42ff-ad65-429cbedd01e9,Movie 308
dc349a3d-73f4-420f-869a-864d771f7309,Movie 309
303ee706-2355-4bce-9bac-d21946a6cdf7,Movie 310
f8dbc77d-5f72-416f-98ed-2e3b0ebf3d5b,Movie 311
e6dbdc27-3874-4886-9358-864c5caaa6d7,Movie 312
f15083d3-3253-43ca-89f2-d9d2c501d866,Movie 313
53eb063b-4862-4c8a-992e-ea325b55a2ba,Movie 314
e872c116-4848-49bb-aa72-602806b1d4d9,Movie 315
36ac4e36-5d70-49d8-b9d9-6f392adee2d9,Movie 316
4ec0ebd8-7fe5-43de-8198-d3f5b10c8af4,Movie 317
1b919170-71a3-47b3-9165-130ce6ae546e,Movie 318
76a95f16-2c85-48c9-b767-07b1b0cc78c9,Movie 319
c2b4109b-0169-40a2-92d4-bc011a790044,Movie 320
9cc3d9c8-7db0-4688-93af-66d6d7c106fb,Movie 321
20db2818-c3ce-491f-aadb-79b7b978a5d8,Movie 322
8936988f-9c68-41ac-94ac-0337f4bbd6e0,Movie 323
5b9f118f-5354-404c-8793-d4fd16327a15,Movie 324
6ddcdb0d-b57a-40e7-98b1-c6f4622545e0,Movie 325
a67f5a67-003a-4ee5-a316-d647e3d629f6,Movie 326
0bab935f-fb96-4961-8524-40e47ac72555,Movie 327
b8552eeb-7ee1-40a3-91ab-80422e8a8386,Movie 328
5f99ae81-2a3f-43ef-b656-14a73dcfcb98,Movie 329
7dbc6325-8cd4-4ad2-99ca-fcf66e9c1e53,Movie 330
e1c4304c-0013-4d54-8397-1e1d458bda15,Movie 331
435c0545-38ef-466c-b0b2-34bd3e63df65,Movie 332
2d3d918c-976a-47ea-bac9-248e85735950,Movie 333
723974c8-7b64-44d0-b89d-bbe02b1f8b11,Movie 334
02f5dfbc-1037-4975-88a3-ed9c2dbf375b,Movie 335
1654aef7-a940-4694-a8ea-2a80ab49d966,Movie 336
089675ab-c412-45dd-99f3-2865b5ebd6ab,Movie 337
88820573-5008-4d8a-9b4e-c42635db9169,Movie 338
2e68b8e4-e659-4f97-bd1b-648ca0d48fd4,Movie 339
9e9a23c7-f377-4c40-b0ae-331ac9a2bb62,Movie 340
6d0b3592-1770-4d81-96ce-fa4c99c3ce40,Movie 341
8d41e51d-50cb-4565-8510-9a827b43633b,Movie 342
465d6890-97c1-4bd4-87b5-caadadb57a87,Movie 343
2aaaabf2-6b02-49ed-962f-ac2cd366fafe,Movie 344
5fc194b1-10db-4323-a98d-75f655aa3bae,Movie 345
0997b216-f9da-43f0-9b3b-f68769118daf,Movie 346
022abfc5-e93b-4c85-a312-442434ff70b9,Movie 347
c9a4f6ba-437d-4d20-b0cd-aa761a271a04,Movie 348
dcfcb420-6426-49a0-bb52-1e27e096474c,Movie 349
b6aaaffe-7347-41d2-9509-4e16712dee85,Movie 350
d3937e4d-e4dc-4e7c-acdf-4bc8d89a6794,Movie 351
6616cce2-71f8-4891-a501-8ca3477d17f2,Movie 352
6c6823fe-aa46-44f0-9d4a-888643d6835c,Movie 353
823bc475-b068-4bff-aae3-e4491d90176e,Movie 354
f6054308-3cf4-412a-8797-2dbd681d78cc,Movie 355
6839a621-c2f0-4876-bc7d-5f30c75f2320,Movie 356
189bb3fb-fe53-4b90-9505-09e4d6421156,Movie 357
82933740-1a65-4738-90f7-2a6d748360e9,Movie 358
78e7cd11-5d35-465a-a1f5-4759f1b383cd,Movie 359
3c2db81f-5a2c-475c-a75d-c0fdfa25e481,Movie 360
aa81e749-b909-43d9-9562-d50d0aefedab,Movie 361
74d5deb6-1a21-47dd-a153-60849cfbf03d,Movie 362
fba2aae4-c14b-424c-ad0d-08dde38b22c8,Movie 363
bb39890d-260a-49f6-ba41-58185240401c,Movie 364
8f4fdc70-8780-40e6-862e-87fd86302986,Movie 365
6380d067-199b-4c8e-9bc5-95f5e0ab9ee4,Movie 366
b0a549be-52eb-4136-9565-37662ef8b472,Movie 367
4fadb73e-ce55-483f-9887-dfd99877aefa,Movie 368
25a07dc5-775b-4499-8574-a3e4e9b9fca9,Movie 369
de3bc51f-a09d-4004-afea-54b50068ac94,Movie 370
56941d50-8393-4ae9-b29f-1bbfd1520dcf,Movie 371
e1525bed-beca-474c-aa99-d245b6c908c3,Movie 372
809a7e52-31db-4297-acfa-f0d30ea5329d,Movie 373
1253777d-1c25-4447-9073-da2534b7201c,Movie 374
739d3e98-e552-4f58-a9b9-4f5e3dead81f,Movie 375
989388f9-63be-48f6-902f-d6128c44a3a3,Movie 376
85c763c7-f8cf-403b-a183-718d8aef5c09,Movie 377
309b38d7-0b1b-46e7-ac73-5339b52f1616,Movie 378
073dd908-d212-4e65-99ae-6ed51e9034ec,Movie 379
5bf97f82-635f-4784-8977-45f66040bf59,Movie 380
def195bd-1028-4e66-a26a-85df41b494a2,Movie 381
bd860b2b-46f9-47f0-b772-4c02340f279a,Movie 382
fe62b751-3da0-4985-b7c5-0623138b9344,Movie 383
c4a4a134-937d-498d-9d7a-b4f7c5cf279c,Movie 384
3836f101-753d-40bc-b2e0-6d6dbb5b3a56,Movie 385
bf111f02-634f-432c-b0ac-deb69d109b06,Movie 386
fd2800c4-7383-4914-aad5-5226d5ce3c85,Movie 387
dd07aa05-123a-48b6-8438-4fe1d144eae8,Movie 388
a9f86a8d-3c38-45ab-89b0-b0e0dfac0a7b,Movie 389
cd958343-e80f-46d9-81e1-14a56801cb0b,Movie 390
5c284080-7b70-46c8-8a22-485d8caf3637,Movie 391
c8724c12-3580-4b7d-a96e-8944515e39a4,Movie 392
cfcd3bc3-2ac8-4093-bfb1-77f34e26b0cb,Movie 393
960b459c-c3e6-48a4-b66a-4f843353db2e,Movie 394
9e11b7b1-de48-4784-a8a3-cb14ee793e63,Movie 395
ce04d36a-b7ac-4b21-88f7-a185841a4252,Movie 396
a6e2dcb1-bdaa-4b22-ab64-a1c074075657,Movie 397
80670066-718c-4439-8f9e-442658bef124,Movie 398
33c60451-7daf-452b-98b0-0bb7abe3af7c,Movie 399
bb194b60-aa7c-4db9-b59a-4e5255982fa0,Movie 400
6c2cacb6-abca-4595-a31c-116de87f3848,Movie 401
243c9b73-ca43-42a5-94eb-5817e3e1e40f,Movie 402
e188d916-69b7-4c52-8456-749df5ea40d0,Movie 403
8febae38-6567-4b13-ba11-8add9bc03d33,Movie 404
c3ec056a-72b3-4eb1-9fe9-1991290da97c,Movie 405
53f3faee-4324-467f-b022-9c55ce43064f,Movie 406
af2e1091-fe6a-4824-91bc-ee0d3614b1f7,Movie 407
d698fa1d-28c6-42a2-9736-af60756c29af,Movie 408
1587cfdc-2ade-4cd5-ba40-fbb84edbc94d,Movie 409
19b4c455-de0c-4b1c-afeb-c0b703f47e3b,Movie 410
a8cc25fc-e515-43bc-8cd4-e5168370ef61,Movie 411
1d7793ce-978a-455c-8c81-7c6e9f100f57,Movie 412
5128e544-d859-429c-9f36-13e3ebc2898e,Movie 413
a166a359-1ff8-4b99-9cc3-0c6071a16e16,Movie 414
4806ecf2-b440-4e40-9082-a99aa66c947e,Movie 415
09f0ce56-79aa-42e9-9819-4372d1851d96,Movie 416
b9f9364e-132d-44c7-8042-71f1e9d29da7,Movie 417
f474454c-205b-400e-b1be-63eca68263e7,Movie 418
18551d24-81d5-4836-9bed-f2aaab965d86,Movie 419
96bcf887-e85f-443d-b397-0184499a98e6,Movie 420
6ecb83b7-1297-4735-a4b5-a0a2b242f034,Movie 421
41bf4c74-c53f-4271-9ac5-9592ac0f9362,Movie 422
b7e48b80-0412-4c65-aef8-6db19d599a47,Movie 423
45d34968-df0f-4275-8662-37cb83d40d6b,Movie 424
71b1deb4-cad6-4d8f-8cc7-da195a73e728,Movie 425
48e04c41-654f-4614-a834-905eb5452398,Movie 426
c14f764c-6ec2-4f67-80f0-ce248e615801,Movie 427
c84a82af-02b2-486a-b524-32d10064a01a,Movie 428
50b6fe53-e0b9-4568-8c1e-dfcbf0f8a36f,Movie 429
6e74b82e-c0c4-4b8f-9cd0-a4eb5042c39f,Movie 430
bb388fe5-29b4-4ede-952d-1258f43bf1ff,Movie 431
1bc35cf7-fc36-4c7c-a7f9-817c64bee21e,Movie 432
3b5e81cb-554b-4c78-beee-52edf4981b5f,Movie 433
5da4e327-4904-4ddb-986e-3432d95fdb65,Movie 434
08080d18-dbc6-41e1-b42c-f9a44d86faa7,Movie 435
ae50cdad-7e30-4de1-92d6-a42e13c817e8,Movie 436
29ae6124-c5d8-41c8-889f-c038ac97ab31,Movie 437
a43d6bf4-f2ba-49e8-b612-1481fe3c73fd,Movie 438
335d17f4-9a7d-463a-ac8c-28c4b23e17ba,Movie 439
f0d5e134-ce07-479e-8a42-f5f59bb81ef2,Movie 440
c5925b0e-48b3-4a6e-82ed-adc7b207fdaf,Movie 441
d47bb5db-b8f9-4073-b292-34c0b3a276ec,Movie 442
5e5a7cd2-cb4b-47a7-b279-3672a20f17cb,Movie 443
b7ebd118-3df1-486e-875a-7825192bd6f8,Movie 444
20d8f6c6-52d3-4ee1-bf1e-a1dd696d9815,Movie 445
ef97d3ab-1c0f-462f-88be-4cb16ce36960,Movie 446
b1b9a13f-c801-42da-b596-4ee0761affd4,Movie 447
c4dd425e-1164-428a-b8cd-1a65b2916263,Movie 448
1455277a-7d85-4184-b3a8-1fa699e1d0af,Movie 449
9e0c6a2f-e412-42ac-afa7-05f3760e2c76,Movie 450
5d72b91b-816b-476a-a75d-91a772bc2b97,Movie 451
8efdd216-f0fd-417e-8c05-a1caed9eea08,Movie 452
8ae3c17b-7c81-465b-a247-17d0d6b406f0,Movie 453
587d1bff-15c0-4520-8d73-fed180eca5e5,Movie 454
05011722-23ca-4ac2-93b0-4bef5cb49340,Movie 455
17f2658a-0639-4920-8500-2ba7600e1d43,Movie 456
14715090-850d-4e0c-b6dd-8e5cbb8e0803,Movie 457
30c31973-c46b-4958-9089-4d38b9dd2f7d,Movie 458
7ceaa8e1-e2a4-43a0-abbe-d3bf5dc160c7,Movie 459
136b41d3-0d9e-4591-aa2f-2659aaca2a39,Movie 460
8097064b-e61d-4076-8654-dda9016532f4,Movie 461
823e3661-04c6-4eed-bf45-93f549b9a870,Movie 462
f77d9b23-4820-4d70-92a9-33f120e33649,Movie 463
e073f213-7080-4de4-9d37-99030ca8d27b,Movie 464
38594317-8ba3-4a4d-9b38-2b442846857d,Movie 465
cdae361c-3e8e-43cd-a3bd-c9b19492f3ba,Movie 466
b52ef264-8d08-49e7-af29-d65720c5ab46,Movie 467
dc5ff477-1ff0-491a-8866-05a0877cec8f,Movie 468
27c99e6b-f41c-4c5b-b701-415d0c2cbeef,Movie 469
0068be70-9dca-4a02-9bd9-dcf0251fd94a,Movie 470
a91436e5-c13c-4811-bd24-8deacdb59f9f,Movie 471
2f17183e-cb68-4068-a900-adf4ec9f83a0,Movie 472
d8c8c94d-86cb-4c75-aee5-e41631b37e9b,Movie 473
c27d419f-6822-464d-9529-5c3da2b50a40,Movie 474
3b35fd0c-d8d6-49b2-a207-bf1c0a4b345b,Movie 475
5f47ab2b-043b-43cd-9444-06b8a186a83a,Movie 476
6bf64f25-935a-4216-8868-05847bbce0be,Movie 477
af6c2a85-57d2-4121-9128-0c5771788da2,Movie 478
48fc0c66-81e6-4222-9fad-ddf8d2990393,Movie 479
005bbcfc-b4aa-4d47-a7d5-b67f07a23228,Movie 480
a90cc988-0b09-47a8-8bfe-61a1185e4b47,Movie 481
022ef501-e57e-476e-8a87-f4660d141117,Movie 482
a273c2c4-6197-48db-ae2c-229da56173d7,Movie 483
b19dbf3c-6a15-4fa1-a873-92d94b2afbdb,Movie 484
c9376f07-b1ad-452c-9fc2-7796b1138236,Movie 485
0de8ae98-4ee4-4ff3-9189-cdc4fb7b496e,Movie 486
c7310a85-34ff-4710-a68d-adf4bfcc6ea8,Movie 487
a36e0b6d-219f-4a00-89d7-58418855ee42,Movie 488
9e57a183-2f8d-425b-965c-f4bd9cea799f,Movie 489
aebab492-c677-4f47-8ae1-8d5bddedcd64,Movie 490
06206630-f940-4233-b85a-70ec21207173,Movie 491
26b56fcd-8651-4893-a035-4448611fcb75,Movie 492
38b06362-ec05-4be2-8eeb-28046a1df5af,Movie 493
d9019841-fc7c-4cb5-ba96-b1244fc8877e,Movie 494
5a21545c-2849-4ef8-b086-491af10f5f5f,Movie 495
8f3f6411-ac68-4c56-bda1-f0ecdc3621ed,Movie 496
73e5806d-f9ad-4dd5-9abb-4f7cbb28056a,Movie 497
d15a7a81-7a46-44fa-a8c4-c471cb6868ab,Movie 498
84011506-9f1b-463d-8afd-3776e4742113,Movie 499
ba55d936-bf4c-4529-b95b-7bc4860cec66,Movie 500
b443bffd-198a-41d6-8c8a-892bbfc535e4,Movie 501
15a447a4-b5b0-4930-bf4e-eb0e637baa00,Movie 502
2aca5449-059d-4050-a233-ae773be61ad7,Movie 503
fa5a2bea-a814-4187-b685-a44d376f0a1f,Movie 504
20559dab-4d34-4e09-9437-89deb68ba442,Movie 505
c756e0ec-aa6f-4e91-acfb-f3c7bb32417b,Movie 506
bb182dd4-d7ac-4b0d-9199-512a28cddefc,Movie 507
4d91e3a2-0cac-41a8-9e6c-67f9dc1c61b3,Movie 508
a7e0fc3a-2c0d-49b1-b0fd-b393a463c8b0,Movie 509
05ad7b94-fd3b-4447-b20c-970d76ca21c8,Movie 510
2a948a7c-05e6-4a64-925b-65271b35a3a6,Movie 511
f8017a0a-dbba-473e-bf8c-4e05f251f7b7,Movie 512
a3fd7988-dde0-4a87-893f-54034f309141,Movie 513
a104cacc-a60f-4b9f-9269-083db85382d3,Movie 514
9328f438-458f-4541-833e-193413da8785,Movie 515
848b0f39-cb2f-482c-b5b7-c7e5c953884a,Movie 516
92dcb6ce-3fe6-43b1-9cae-621a13105abf,Movie 517
0430d88f-05a9-4588-b22a-3cc122ecbb54,Movie 518
d46b861e-c6ce-43a0-8446-b1a607a28dcd,Movie 519
e23a6288-d8b5-41e0-b0e9-e80a39ae7112,Movie 520
856bc42f-0b95-4916-b999-df4556131ea6,Movie 521
c144c035-fb53-48e4-b30b-7bd54664cb32,Movie 522
24a75c73-0027-4029-9c62-1819a157bd69,Movie 523
d64b3861-8063-41fd-a67b-4e41f909df99,Movie 524
6cca7f3d-dfd1-4842-831b-7a8748669170,Movie 525
a9809652-43b1-4d22-b323-da63b4a5924b,Movie 526
e1081516-4672-4f2b-9cda-70d9da170050,Movie 527
8d1ac575-6490-41c7-af6c-ea317ef7c8a8,Movie 528
69d8321d-7902-461a-8563-b65435b85abf,Movie 529
2ab887fc-e742-4e5f-956e-a6ed3661360f,Movie 530
fa29767e-4ac5-4c2e-ba96-5e353e229659,Movie 531
55fb533d-ba0f-4d1d-b7b1-81fc98e21134,Movie 532
30ddc113-83eb-4951-9597-94c065c74cfe,Movie 533
739834fd-25b4-4e43-a77d-6cd115a33aeb,Movie 534
d7046cc8-fdca-4370-a6f9-e117bc3d71c5,Movie 535
76d74847-b8c4-43af-b7d9-5e3c9bf34b69,Movie 536
a2e5c7c0-1aea-49ba-8398-d8eba3fb0275,Movie 537
0eecb05c-747d-4737-a683-2e91c9a9f7c6,Movie 538
58618075-cd22-4827-9fbc-f667ec0f5f19,Movie 539
83d8c1a5-673c-40ee-9306-638dee1149f4,Movie 540
60ffb4b8-ce20-4775-940a-3c22c0246983,Movie 541
6d7bc655-b92e-4a9d-a15a-261b4c15d60b,Movie 542
4dfd4b0c-9795-412d-9167-3016904ee0ca,Movie 543
c92b5d83-697a-42a8-95a4-4f1e7ae62be1,Movie 544
ef6eae47-7fb4-479a-88f1-ff5e896fc7ff,Movie 545
07ed9f9b-fbbe-4cb2-a4e8-b16283818fc2,Movie 546
6aabfbe0-bf47-4b35-89d4-5a1673ff47a0,Movie 547
121d5a80-96dc-41b9-9f13-c6743b7b727d,Movie 548
96872028-0c2a-4fe4-b824-92d0fecb8420,Movie 549
fe8a5b11-beb6-45f2-8965-df30733300df,Movie 550
10efa0a5-5153-42c6-a0eb-86ce6eef8cf7,Movie 551
fd455fdd-c83c-478b-8eec-a567b8d5ef16,Movie 552
68d92850-b7d5-48af-88b9-b7c20ef58ca6,Movie 553
a95e389a-dea0-45ad-b6e1-d9c4a7e548ed,Movie 554
8ae5d354-f533-420d-8fdf-5624dfa13798,Movie 555
7fc2cbfe-728a-44f3-822f-33125f4babc4,Movie 556
f9af5e25-1a39-40f2-afa5-12e21603d09a,Movie 557
9516078f-8191-445e-bcdf-6b2e0a7ba21e,Movie 558
c97e17f2-2439-4518-8b1c-2f7b95bbae95,Movie 559
3ee66479-2595-42fc-bbe8-663934b0d584,Movie 560
28268faf-589b-4831-8db5-91f7bf382d61,Movie 561
6988f6f3-f877-4c17-b20f-a3449b352348,Movie 562
1b89e83b-7bc2-4a12-bd7f-574776ff02fa,Movie 563
67f8a1c1-e58d-4cde-9a43-548745669733,Movie 564
c18acaea-0dcb-40fe-9104-93ff27fa2181,Movie 565
99e79160-ebd0-4d32-97ec-73ab03d545aa,Movie 566
1256b37e-55c0-4ea3-b625-47ef05c11035,Movie 567
4ee91336-9815-45df-a566-04b14a562fb6,Movie 568
acd91647-ae43-4844-8a42-9eb7f250f553,Movie 569
02c07911-2e94-45ca-bb31-ccc81208fdbe,Movie 570
b77a46a9-8e09-403d-a682-a135e02e8ce7,Movie 571
8476e87c-78b1-4fff-8078-3f7dc061c61a,Movie 572
f92d3392-d367-43bb-99bf-c739ff3d800b,Movie 573
27299a44-4a07-4f5b-8504-c91d3b83844a,Movie 574
3444ca93-c61b-497f-9c7d-c23f03f756f0,Movie 575
ca262d01-7a0f-448c-be3d-2ef9952997e6,Movie 576
749a134d-d039-47e1-b46f-a660c6d3ab62,Movie 577
8b06c280-1bda-4311-9cea-43921e15d84c,Movie 578
d9a9e919-6b54-4f99-8af5-f790205c36d0,Movie 579
56953b82-ed51-40c4-8e6f-d694216fc39e,Movie 580
7cbaf4d3-b3f7-4a36-a87f-e08b89fbbb22,Movie 581
0f37cf68-1179-4c02-9c90-537cef9aaffc,Movie 582
ff0379d4-e5d1-43cc-9e77-3ff5ae510de3,Movie 583
13bd632f-2d17-49be-946d-227a046f5040,Movie 584
d49499d5-946a-4180-a022-a82697ef6fa7,Movie 585
f23969a2-f044-418f-905f-ea8e8ac73d52,Movie 586
2b932e13-3d13-4977-8d48-2f767c4e51db,Movie 587
f7ccb7db-d635-4c68-ad04-52487444c06d,Movie 588
0d074f1b-46ab-4138-9220-b36f4108ecba,Movie 589
1a69a885-6db5-4111-bd2e-b8529a923d08,Movie 590
cac579fc-4650-4c30-a3ec-c13cd5878688,Movie 591
1e0c624e-a332-4a67-9e38-722b8a119d0d,Movie 592
6e409fd7-ee01-49e1-bec6-5b166db93914,Movie 593
b772b3ed-ed93-468e-ad3c-7d9160818158,Movie 594
4889a1a2-3dd5-4652-8b5b-4c96d1deea4c,Movie 595
da11e1a8-7ae6-4f95-81b3-ec9c1552114a,Movie 596
ebcb4b12-57d3-4448-9a46-2b0d44c9a073,Movie 597
bdb537c1-6310-4fe1-a93c-e777d7d306a8,Movie 598
a568d750-a9db-45d5-985a-00b5e4ee9aad,Movie 599
65c07765-0005-47a8-98a9-53400fc79d63,Movie 600
af3d6dd1-a76b-49cc-bb5a-4740c43e44fc,Movie 601
2a6b927b-2cd8-4f8c-a754-0a0e397c18ef,Movie 602
6189105e-1608-4e23-9456-3588956ea01e,Movie 603
b241ca66-6aa1-4dc5-9fb7-f9a548dd9db0,Movie 604
88e09af1-04e7-4ed1-b9a0-a462659ff957,Movie 605
91906905-0365-4d9d-8d92-50d2ae52aa18,Movie 606
1fe5294b-3169-40b5-8e44-31e1e5aa14dd,Movie 607
ee540149-29d7-4513-b989-e988cee89a57,Movie 608
b9cb5bcb-b3de-4561-a3fd-8f8fa5a1339d,Movie 609
75ed6e11-9e99-4899-9bd5-bf6a7cee3055,Movie 610
478d4e9f-c9f3-4abf-9c21-ff2a902a8c5c,Movie 611
96ed5af4-a8e3-4d6c-a1ac-9369ccb45794,Movie 612
620c9cec-8fd3-4e63-9f5b-2314da0093db,Movie 613
d248a9e6-6a3f-4dff-af06-3704ea588726,Movie 614
94640296-e856-48aa-a746-6d42637385dc,Movie 615
5475827b-1a74-43bb-86ac-011359fcc249,Movie 616
e67a1685-7b8e-4b1d-9fab-add5da85730b,Movie 617
bf92207e-e7b3-40fd-9a62-85ec91920750,Movie 618
e871364a-ac97-4f05-8646-493e69b9f2aa,Movie 619
eb409b80-8e70-4b07-815f-143144a963a6,Movie 620
285c9733-f071-4d1e-9b72-5427797552de,Movie 621
eb2280a1-0dd5-4e74-89d6-3e71319a9903,Movie 622
503f4a3c-4fcd-4dc2-9009-b15ccb4bb8ae,Movie 623
c0d572ad-67fc-4c96-852b-705561d87e27,Movie 624
5b71adb1-d274-4a03-a681-5e0f6e1bfc40,Movie 625
62374cf8-fdd3-4310-9256-01dbc1424e57,Movie 626
3efa8f00-fcf7-4f2a-b337-aefb19a87b61,Movie 627
6002a200-a503-4770-a129-d24d2912ea57,Movie 628
210e9c3f-c21e-40e8-afd3-61e3fbfd67fe,Movie 629
32a29620-6b42-42f0-b1b2-1ec8f63f8cc4,Movie 630
1b19d90c-a553-4475-91f8-cb217f27f676,Movie 631
c575f889-c194-47d8-8b19-fd9e39846bb8,Movie 632
62968966-e756-43f2-ba73-b197d902fe75,Movie 633
f3ce8311-c117-440d-ae3f-b16e0b2b6a16,Movie 634
bdb230ee-98bd-41e8-bbea-1ef9dd6d3aab,Movie 635
c840a0a1-1e7e-483b-83d4-19f53eeea3c9,Movie 636
62ca2ce8-01cb-46bb-be30-93b78b4519c8,Movie 637
3b51af7b-8ae0-4b33-b899-8a84daa6ebb4,Movie 638
468bcc9c-1287-4556-be6d-de1774c8be6c,Movie 639
627a9214-0a0a-4dc4-a266-511a51a50d15,Movie 640
52181003-ff60-4d23-bde8-379553a09b3c,Movie 641
40f49a30-8cc4-40ce-a526-fbbeeb1eb245,Movie 642
754338f2-4e13-48d9-b6dc-4b4771a2025c,Movie 643
dfacaf8d-c548-4346-bf30-11c85dd53986,Movie 644
6b1a5ad6-8e47-454b-aa89-e9958c336347,Movie 645
ce5b89b6-b5d6-4a63-9ae7-97ec250ba380,Movie 646
b99640a9-24f6-437b-be0c-e958d11edad1,Movie 647
a4bd6d22-dc07-479c-9ad5-ac774f04c8bf,Movie 648
7e333ee7-1e6c-4f01-b714-f0769f26214b,Movie 649
1fac559f-58b9-451a-881a-e32eba7f32e5,Movie 650
43f0ad5a-1e99-4133-b236-04ff2d0fd029,Movie 651
0313b1b0-061b-48cf-acc6-618ca4000722,Movie 652
afda4334-3906-4007-a56c-4005bf8ef39f,Movie 653
988b360a-fe46-4719-bc82-43a57ab1e878,Movie 654
9334800a-fa0b-4364-be66-e960342d8a0d,Movie 655
5d82709b-ce0c-470a-b639-8533c38883e0,Movie 656
0281ca26-6928-4fc8-a0f5-9c32f6ec9754,Movie 657
02601103-5239-4eb4-864b-b812b8ed582c,Movie 658
7dcb4983-507b-4af4-af21-68777721c761,Movie 659
9c2e97de-b6cc-4f9f-bb2a-8dead7f59d83,Movie 660
33d19edd-0e45-4cc3-aad9-98ec12073bd0,Movie 661
ccf443e8-d68e-4fea-87ab-ae39c31ef91f,Movie 662
6b977f96-0f8b-4449-b167-415e4760b286,Movie 663
e913c09c-6ff1-4b84-bcf6-af558b30ed13,Movie 664
56efa977-2ec9-4f8b-922f-33f1333b611a,Movie 665
4839f91e-7827-4059-ad78-0602e3c9f57a,Movie 666
acaf1550-5547-4491-8339-80206e363915,Movie 667
a8305ec5-adb7-40b5-b8b7-7f3ea7f489a3,Movie 668
79c1bdc3-0e2d-4930-bd3d-44148ea5c18b,Movie 669
e791682c-2156-48b7-8996-9924378a53c7,Movie 670
cca9ac5f-3471-4e3a-8687-15fc09bed8b9,Movie 671
52bb1734-aa03-4252-8db4-9976c72f4f05,Movie 672
5e1dcd0c-6c51-47de-aa24-847a53863ab3,Movie 673
ebcd8596-ddf4-4db8-baff-469199e742c2,Movie 674
f5875bfc-8f4f-4401-aefd-286205635ea9,Movie 675
c832b318-1de7-4daf-9c83-491702dac550,Movie 676
14ca0545-c295-451c-b9ec-34264c17348c,Movie 677
b3f1b4eb-0564-405d-95b3-78deb9866efc,Movie 678
75c290aa-6495-43af-8db8-7c168ad8aae1,Movie 679
479fd767-ca61-48de-b3b1-5c1c3f209671,Movie 680
3debf087-ebd9-4650-b4de-2ae1b96f484b,Movie 681
bef2f837-d551-4193-bcfa-42468b39a96c,Movie 682
fee88c47-3a18-4ed6-8231-6a31e74c8050,Movie 683
71c9874c-7771-4411-b437-d75bf202ebdd,Movie 684
70415dfc-c791-476c-bdca-f532f7d38d07,Movie 685
5eb7909f-b66c-4e1c-9213-fb0f96a0e6ec,Movie 686
a9468566-ce7c-4e4a-aa8e-c494c68f8062,Movie 687
41bff44e-b0f1-433a-ba10-8f84b47d679f,Movie 688
22da4e61-957c-43ed-82f2-b21660bff17e,Movie 689
0c8e60f6-af0c-408d-b31f-874f6cfefd55,Movie 690
256aca3f-145f-46fe-bb1a-26828a2f8b97,Movie 691
351299d8-dd14-4fac-8e7d-9c2830d950df,Movie 692
373e8d84-a6d9-42a0-9a53-0e5cf1e9d831,Movie 693
a64d6d3f-1f68-4e5e-827c-d7d2fe535166,Movie 694
a775be4c-36c8-4930-88d9-718759483b76,Movie 695
8a7084df-0ff5-4463-96b0-22d12819c7fc,Movie 696
8fb6c780-37f4-480c-81e7-f31db048a2a1,Movie 697
778a276c-c34f-4a17-89e4-0dcb8bfc5183,Movie 698
f332755e-81d1-488d-ab94-783efe8396ed,Movie 699
cb7262df-0bec-4529-88d4-39bbadace0c6,Movie 700
532c6fdc-aefb-455c-90a7-3f10459c376e,Movie 701
27ce5a0b-56aa-41b6-8d10-adf779e5e668,Movie 702
0a69dad6-3849-4ed1-9195-1f4bdd6b46e5,Movie 703
d2d72891-f7a6-4cee-8cfb-2d41516a0e04,Movie 704
c873b5ca-d2c3-4aac-9df7-0c76eaadcb0e,Movie 705
277c9551-9212-4653-b213-9b90ac077a72,Movie 706
f584d864-2243-4de1-b8a0-4d0c97d0f8cc,Movie 707
3b0ada4e-1a08-48db-b684-903b1e1fa76e,Movie 708
abefb83e-4094-4e07-9ee3-bc36b2fa34c9,Movie 709
1afdf3c5-605c-4ed1-8a62-53e2a860c14d,Movie 710
cbbd0e85-ccfd-4cd7-8169-82d759245585,Movie 711
ce57464f-09ba-4080-ac09-cbbed5de9b72,Movie 712
e67599b8-27e6-4b06-8b78-facdbf828003,Movie 713
bb9e5d3f-3dd9-4af8-981b-36bc05078fa3,Movie 714
8669e2f0-85ca-4802-bd05-9f0d78734e64,Movie 715
cb5365af-6f42-4cd0-9b4b-b689f74469d3,Movie 716
d81da40f-4e5c-4150-89e8-316b4a4fbb21,Movie 717
1edefc21-9dca-4d23-8e6b-ca826ba26a1d,Movie 718
1b150722-d385-412e-926d-21e699e151cd,Movie 719
e4ab257e-550d-4d59-ad4e-f68425a6aefc,Movie 720
60ffaaf2-738b-4932-bed7-2602f9ca8b32,Movie 721
a18a3e5e-0177-49ab-95e3-da825ead7996,Movie 722
b897160b-502a-4534-9ff1-680d16af1f9f,Movie 723
825a656a-c7a3-4b64-b3d1-85c6cd0276c8,Movie 724
c4b53038-3804-4b05-82f2-f2371508f647,Movie 725
aa3313cc-dda7-4523-afe1-673c0c0557f9,Movie 726
2ea7ff9f-4db7-43c6-966e-b839514982cd,Movie 727
2c5c964f-db80-42df-834e-818bee8b3f4e,Movie 728
36c7914c-8fb8-48cc-a114-53f7a85b1dbb,Movie 729
f908c0e6-fb37-4113-b26e-d60f32d2fc07,Movie 730
8aaa0fa7-b652-4186-b312-b3b661dfc556,Movie 731
d35d930c-315c-4a1a-94a9-be83864626e5,Movie 732
b920e49a-cbe9-4c38-8ff5-1a17b93ef8d0,Movie 733
a90e0464-9e5d-4965-b4f7-548db5448a42,Movie 734
cbf834b7-d935-4fef-9407-ca43ac66e8ba,Movie 735
011cb6eb-f8dd-4f27-a8a5-443e9aee6d74,Movie 736
66fc9676-24e4-4fa4-9b37-cfae68c9b3fd,Movie 737
fc640b09-4902-496d-a501-e9d30f149519,Movie 738
616d7684-921d-4896-9b89-f1589860fdc5,Movie 739
bda53c44-c7ff-4428-b5e1-0b7e934a4f5c,Movie 740
7f486f36-32fd-4940-a9b5-48d25f262d42,Movie 741
2229f486-4b02-4250-9a74-4f70c93ef823,Movie 742
b377fe95-f8ef-4539-abcf-927b49777cc5,Movie 743
f0926faa-c1cf-47b0-91de-05996cb79dd2,Movie 744
590a6ee5-69e2-43e7-9b33-7ef2ed42813c,Movie 745
2a45ae25-4162-4247-a059-d87f00553db3,Movie 746
b1b7a488-a499-4f71-9b8d-312b5ce58cc9,Movie 747
94cf62a2-44d5-4484-9c3e-63e8717d1126,Movie 748
7151745c-5800-438b-8e2f-9a123df633f9,Movie 749
e534a938-1441-4110-8bac-796240c6df10,Movie 750
f5ec9a8c-aa56-4551-97e5-2a7c762477e9,Movie 751
46578706-96a3-452d-8834-84bdd9989c59,Movie 752
1d2d7db7-7a68-444d-8ab7-99749cae0ebd,Movie 753
889626a1-d2c8-4b90-b445-c24cedab28cc,Movie 754
f4d53d23-05ad-4836-a87f-00218f88d914,Movie 755
24ea8805-2d23-483d-bdd2-732b66f71ead,Movie 756
26acb902-7f5a-489e-ae85-615a85ad62cf,Movie 757
fb680335-a4d3-465f-9661-b44c6dc0f4e7,Movie 758
ae039496-ad4c-4b1e-94d1-b986c6b4a775,Movie 759
fe091ab9-4dc8-4e5a-b222-babca0fe493f,Movie 760
38d24fb1-7eac-4ae2-868b-11f5ccfaaab4,Movie 761
52c4d2ca-d7be-4831-bfd7-2a898174a945,Movie 762
69f191e9-9818-4843-ae09-c2e284e5254f,Movie 763
5f7f99e6-40ba-43de-9e3f-fc8bb895e976,Movie 764
1d3100aa-2831-4e80-bea6-e7b4e0636b68,Movie 765
66bf98b2-c771-4e69-a4d9-315c2175b76c,Movie 766
c3c738d2-626d-4c13-bfbc-25a8d554d29e,Movie 767
4df15d35-ea23-485b-90ae-dc7962d17b98,Movie 768
3393cadb-3735-4a06-a2cc-fc2c6f7111ea,Movie 769
36ee8bd7-7778-4849-a010-2d4afd8b8490,Movie 770
c4da46d3-457e-49a3-b5ef-f7faac6e7b54,Movie 771
a850e43d-e63e-4df4-9ec4-bdc6b3f28b81,Movie 772
b669aaed-ed1f-4670-ba03-71825e6bcad5,Movie 773
866f529f-38d3-455d-bc1e-4368aab9c510,Movie 774
ece7d8a5-9d04-4555-b817-9d7ecd60a1c0,Movie 775
4896b338-06ea-4dee-a146-0cf9bb0487ed,Movie 776
2cdcda68-f2eb-438c-be01-768f8255154d,Movie 777
c503988a-2933-4a69-b40b-2b28002a5d3a,Movie 778
b91d7804-71df-487c-baba-faf629b18a2f,Movie 779
6690ee4b-bfca-4b3a-96d5-3f1f3189be49,Movie 780
784817dd-2182-4fd9-9450-c0f394451290,Movie 781
d761c78b-f134-4fff-859f-c38bdeeb686c,Movie 782
6cd66598-13f6-4a28-8f1b-89f3b7d30bad,Movie 783
b1ff6c11-ddb5-41a0-a865-5d8fbceb6103,Movie 784
dd40f12d-dab5-463d-ad0b-965b1eb69b0b,Movie 785
412cc371-0c50-427d-9b84-005ffca0c47f,Movie 786
28ea5f9f-6c1d-4f0f-9acb-e810f3deecfb,Movie 787
0347b9f2-eaf0-4f0b-a259-02adb4078fda,Movie 788
6b861e46-d814-4cdd-b73b-57c015ae3aba,Movie 789
c2a09f32-258b-4f07-89d8-9e4cf6ee225c,Movie 790
edb1adfe-5c0a-40bb-924f-4860960071a5,Movie 791
663ad14a-1a17-402b-bde7-8e9336fcbcc6,Movie 792
6e630e35-96ad-4e19-9c6e-4418fa704535,Movie 793
7fbf3ed9-0982-4af6-a00b-b742cd79a62e,Movie 794
1a60552f-555b-4eb8-9d1f-25237e8e9478,Movie 795
daa5eaa5-8019-46b7-afd3-d4361a7e4518,Movie 796
6f9bde28-ba35-460b-a421-4f1b826bbbbb,Movie 797
eaae7c52-ddc5-4631-9c2c-54ea8b11344d,Movie 798
7a5cfc6a-2870-45a3-8a1e-e5f9fd0859f8,Movie 799
984b37ee-2a5b-42b9-858b-698cc0007a07,Movie 800
24d47cd2-5633-474f-b48e-49a446d3caec,Movie 801
f1cf1b8f-e34a-4db0-8f46-0bdb613150ad,Movie 802
830d5339-0630-4389-a57e-1b7bd4f8e0b1,Movie 803
2bd5afff-e9c5-49fe-b9c6-d19ebe951fab,Movie 804
dfb46293-6cd7-4b1e-abca-595af1f8cb5b,Movie 805
08c1eddd-614c-47b2-86a5-627898ad447f,Movie 806
2656b4df-5d7c-45d0-96f2-f2a943c10c66,Movie 807
db532f6d-4972-4ea6-95f7-7e5c83421dc3,Movie 808
ce577f1f-5c6b-4728-84bb-e6b750a108a6,Movie 809
8ea308d3-22cc-49b8-abc0-26e9f8736e2d,Movie 810
84763366-c73c-4464-a52c-dcdfe09efc8d,Movie 811
64c4a3e5-ac78-48b5-8095-f74455b5818c,Movie 812
bafe5087-5276-440f-9f7e-1c25cddf86bf,Movie 813
6d432432-58d3-41ea-8710-05e830804130,Movie 814
879b6b02-66af-400f-813b-a3884d81cbef,Movie 815
e4f22b2e-1c45-4ced-a637-ff58d08e1fc5,Movie 816
0e54a089-4b2b-428e-aa0d-17ba94c34a33,Movie 817
d6edfe68-68ff-4c76-b38d-7f56beb9bb51,Movie 818
f0fba419-9cb5-4a26-bae6-c75fc35a8577,Movie 819
aeb021de-af30-4ed4-8533-faef08698c10,Movie 820
ef67a26d-d9a2-437e-bf3a-dca2c752e46d,Movie 821
c58d5b34-4a81-499b-9757-d1ab500fd66d,Movie 822
d3857dbe-4072-40b0-811a-13580bc791b2,Movie 823
0bad2a7d-dd6a-4d63-987e-592700382a62,Movie 824
6c263102-54be-4e27-8e83-c093d42a53b0,Movie 825
f926c9e8-99a9-4576-9b58-bf6b3ec4b269,Movie 826
4d1d6f0e-5f14-49c3-b95c-53f2bb20eae8,Movie 827
27f141a6-092e-4330-b37f-048134330522,Movie 828
0b768dac-79f5-4e3b-a967-e2f50cd61085,Movie 829
46905360-1cfe-483c-bde9-4b8af1fe7bc5,Movie 830
e4053440-cd5a-4560-a59e-29c136c9b775,Movie 831
95350e11-26f8-48b4-939a-0c4c6b274254,Movie 832
fae9409f-eadc-4229-bb51-9fd3770bbf11,Movie 833
a5dd3059-bd1a-4eb1-af01-c0a16eb2252c,Movie 834
7d160d53-2c71-4d00-b919-121cf92cee81,Movie 835
3416e49a-1917-4819-8ab2-ebf77ee93a48,Movie 836
9e79bf08-fda4-4851-9930-e37c106f511d,Movie 837
5b04c4ca-2c00-48be-9b51-a94dcb27a7f9,Movie 838
34729bc7-8d70-480d-8121-3cabe2825ed7,Movie 839
9f4634ec-23b5-4a5d-992c-19b991bfd2a5,Movie 840
4bddfaf1-bdab-4d9b-9d51-1529844c1132,Movie 841
715dbbf6-09c5-4760-8f2a-4d00ba0e903f,Movie 842
615068d9-2248-4c71-8b79-09336f6fd4c6,Movie 843
6f725b3f-5b5f-465b-acdd-870405e88671,Movie 844
66f1ea99-ebf1-4992-9799-f3af6cf73510,Movie 845
d78681ac-835b-4079-97bd-9fb7f3bcd103,Movie 846
666f8288-a070-44a0-9d5e-3e23277bf915,Movie 847
8eb2e5a0-b11e-4e55-9f58-cfa580044c0a,Movie 848
37124ae6-1176-4fd0-b146-cd6a3869842d,Movie 849
db5fde4c-1555-4791-92f0-23b4fc40e0e7,Movie 850
e99796b1-0a7a-42d5-9f46-c41886ff0e82,Movie 851
531c3231-e131-4e3a-b1c5-393eadec7008,Movie 852
76eb7fbd-71a8-44fb-9182-60e620b478a1,Movie 853
2bb93756-6d90-4606-a278-ba433a723e8e,Movie 854
202ba7c2-aad2-47ad-9166-b1098d5e9a4b,Movie 855
f91efaae-94b6-41cb-bd88-7135e5a02fa6,Movie 856
1c853c0f-0327-4d1f-b0b7-b6e807eccfd4,Movie 857
99ac2e52-2e88-4d39-af1b-be9842c39ca1,Movie 858
bda8b87a-f595-4d46-a45f-51c60ab34dd9,Movie 859
eb5a36b3-641d-4e12-b7cb-ee81403732bc,Movie 860
8b275b1d-1b6f-409e-a259-c9f4243edb89,Movie 861
bc9258a9-2ae8-4e08-a1f4-7bb2878fb877,Movie 862
0b2cfd27-15bf-4b41-a8b6-236c210333bf,Movie 863
f3408873-86c1-4958-ad06-c94b35bff192,Movie 864
f38b3dbe-905c-4942-b695-0ee02f9badbf,Movie 865
f5b68af0-f224-4ad7-b32f-689d2c4a1c77,Movie 866
972feacf-fc7b-4bfe-83d8-1326e7680f27,Movie 867
87fec7d0-f6ff-428a-830d-462808030abd,Movie 868
39d5b7ab-bbbe-4184-8ae0-c4622528be66,Movie 869
d942fa0c-37aa-4839-8c85-7416a285f62d,Movie 870
0e2c4bbc-04c8-4ec3-adbe-4d3455fe9510,Movie 871
70ea19f3-cf39-41a4-a29d-0de9c6fca42a,Movie 872
198de47b-55fb-4ae9-aa47-6a6b5bea6d88,Movie 873
29fc5b7f-26c1-4f3a-9446-0e57dd6f21a1,Movie 874
2286fc8f-d812-421d-b873-21731a0faf97,Movie 875
9ce07dc4-fd0e-4a7d-857e-95afe90b3622,Movie 876
aca1964d-f8b5-4cd1-a10b-58dfc1591668,Movie 877
f375d42b-85c1-46a4-8f20-d9a65d0d88cf,Movie 878
9decf93e-4166-44e8-81a6-2d670e8721e8,Movie 879
5e3feef3-1f77-482c-adfa-d41d9af637e9,Movie 880
51c2d739-1f03-4ecf-ab99-437702ed03d5,Movie 881
c69b24ec-feb7-44c9-a044-665fe4719e2e,Movie 882
65575fe5-272b-480a-ba12-f4c38ae0b944,Movie 883
71efb6e4-ba56-4c86-91bc-9af7f401b9fb,Movie 884
e82af6e0-a82a-4373-9ce1-611538a8a767,Movie 885
1b979176-49d4-4f47-bd7a-7fe5b579d41d,Movie 886
1a3a1d7d-56cf-4cd3-8a40-e8596c1826ac,Movie 887
811dd1e6-a7d6-4683-85bc-5f4c3336202c,Movie 888
3e407ce4-47ca-4c9a-b06a-52b90b9238b5,Movie 889
0a71de59-e053-4975-83e5-760730757506,Movie 890
3ac07c8f-d6ac-4eeb-81b1-8bdea33bc4f9,Movie 891
7de546a2-025b-4d66-89f9-fc561bfb10fc,Movie 892
48e7eb8d-0573-45ac-9eaa-16ad0b9226dc,Movie 893
dff28afc-9361-4d81-b41a-b1407dc1fabd,Movie 894
31670153-3804-4579-81af-61fc8bee9e06,Movie 895
f01f9cbd-5fa0-4513-b5c1-e98049a4e07e,Movie 896
f308ab60-22c8-4092-a8ce-0846bbe8c2f5,Movie 897
f423a956-8c5c-49df-8c8a-85ec990dec4a,Movie 898
70e73a66-d03f-44f7-a5c9-621a5df5af66,Movie 899
18b9a62b-725f-40cd-a3c7-824255f26cdc,Movie 900
4421084a-50ac-4c59-8127-ce4b0c1e6b8d,Movie 901
be8c12e9-1dcf-4261-a4dc-de8a346e99d3,Movie 902
a4448d0e-18dd-4878-9510-0546ca6ec4b8,Movie 903
986688ef-be9d-4a01-ab90-3835e82e9ef9,Movie 904
298620d9-e48f-4394-b5bc-6fe65cf06bcf,Movie 905
bf1dd3ca-996c-47d1-b042-88d63ca0af24,Movie 906
1a0ae2fc-e241-4d51-a5fa-c46d58cc3c6f,Movie 907
2267452b-d50d-46d4-879f-6e6f4960daa0,Movie 908
2797d8da-a01a-4ead-9974-ed181d1d722a,Movie 909
3652f2ad-f255-409f-bbee-e1f38e70942d,Movie 910
7dca40cf-8aeb-4094-953f-f208cb417db7,Movie 911
bb619189-8177-4d5f-8575-d8965de1ac3d,Movie 912
1d92bf26-f7dd-4be8-8471-1df3477b68a4,Movie 913
abe626b3-319c-4901-a9d4-665da5e21ac4,Movie 914
4488657a-6c47-4162-856c-74d91af91f12,Movie 915
394b9dc7-2fe2-4c78-978e-71900197a4a5,Movie 916
6ce29ba6-a073-4b3f-ae5e-3f3aff05727a,Movie 917
77b1aa6c-99cd-4a6c-a1cf-9708ba4b90d0,Movie 918
0564f1c1-4caa-4d5b-87da-2725ffb9b209,Movie 919
96e5e586-460b-4424-b516-d31a5b0caf6f,Movie 920
e1ac8376-6991-432e-abc4-883c329af9d6,Movie 921
2f3d083a-b59b-4f16-9fba-89f9292f07bb,Movie 922
60c0bf2f-52a3-4349-bed3-214671904e2c,Movie 923
93662d79-2caf-4aa2-85b7-bc24547e2922,Movie 924
585b5961-e30c-4eec-a919-bcfb539f94bd,Movie 925
563d5285-ff89-48be-8f05-0af35dd9b045,Movie 926
9449fc67-1d02-4522-8859-873198ff243e,Movie 927
dea15e54-6bbd-4565-8133-ab26dac89a0d,Movie 928
4a1e5133-66a7-40ef-ac25-459aff903e10,Movie 929
d2b20942-6c86-49e9-9ee5-f2ca163d6785,Movie 930
b4064ead-b1b6-423b-b7f4-8154c5886f50,Movie 931
42c9de57-b40f-4203-82ec-85a25bc8c9da,Movie 932
0f0c5f95-d544-46e7-8ec2-2177006715a9,Movie 933
a67be14b-58ef-4210-8af0-644b3424bd23,Movie 934
7148f71c-f092-47c5-b2ab-ffa2d2d5827e,Movie 935
df9d111a-10a7-4daf-b852-fb661813d719,Movie 936
bbdb579d-f580-44ed-93dc-87864857ae3d,Movie 937
9a3c1954-6901-4daf-a0bd-02d0fed0106d,Movie 938
d6ce4180-5f2c-47cf-8611-220f8bbc884c,Movie 939
b1d34594-0c8a-4859-9303-777b9aa94ef7,Movie 940
8578546b-4f76-44c8-aaa8-6b542d2c81e2,Movie 941
d699533e-607a-4e0f-a08b-e5d3decf5fa6,Movie 942
0634daca-46f2-4958-ae33-3e88179a1e86,Movie 943
22f45ee9-3d13-41c2-afec-2e9acaf4fd39,Movie 944
92fd43bf-3e8e-4fb4-8902-528335293297,Movie 945
52a68b4b-febb-4f45-bd16-01e5633ae708,Movie 946
5971f010-8be6-4ac4-8673-ee6d17a0623b,Movie 947
c9dfd79b-51e8-47ce-9a63-dd770d811f0e,Movie 948
a34b497a-0953-4a67-b02e-ab0963d5356f,Movie 949
3326a32e-c9a0-4a65-a1ab-e8dc4890c046,Movie 950
f28f83b7-5797-4350-98cf-e6a14d5365d0,Movie 951
14a4e313-7e98-4a75-b25d-d1036da70dbb,Movie 952
77c74f15-7521-4283-88e7-ff55219a1d95,Movie 953
e98357fe-c083-4680-8e5d-9f1c74b7f595,Movie 954
46a0c5a0-b36c-46af-952a-d020dbf045a7,Movie 955
fd86f26c-c0f3-4a19-bc00-670812635eba,Movie 956
39e5d7dd-c500-4c9a-a69d-fca1dc16749c,Movie 957
78c9fe2c-d13d-4ebf-8520-a2fc34555266,Movie 958
75dbbe1e-f422-40fe-825d-c4dcdc5c525e,Movie 959
3e7ac1cb-84ff-4e42-aeeb-412a49cd342b,Movie 960
b05af6c5-ecf3-409c-83be-661786962bc1,Movie 961
6897162a-a817-47e5-837c-a16362deff99,Movie 962
314e27e7-4427-40c1-8669-725a3aaebe91,Movie 963
95f7ae2c-460a-459b-baba-e936d0227c36,Movie 964
155841e4-2c03-4723-8ab7-2d350a3e9557,Movie 965
c719f237-a02e-41e3-a524-3e7e3d1da9bf,Movie 966
cec8fdc6-f0d8-4439-a296-256879386087,Movie 967
b7d83945-fecf-4b4f-b187-8d163eba3ee6,Movie 968
81a1d9f5-b807-4c4c-9b70-56af17e02fe0,Movie 969
313889aa-7952-4ae7-9f39-6622448059e4,Movie 970
516845d2-b873-4f8f-985d-a699cebe1aae,Movie 971
2ebebc9c-c179-46cc-ba4e-dfd613667242,Movie 972
7d100cf8-56b0-49c0-a307-898b1824087a,Movie 973
31632097-9fd7-4aeb-88a4-398481078d0a,Movie 974
6184eb9f-3728-4017-a827-e6621c1009dd,Movie 975
af088235-93a1-4d75-b5cd-b7012281fcc7,Movie 976
8629f361-8ee8-4e14-99d5-568779b73db6,Movie 977
dac2e781-1f5a-42e2-a31d-276fb7b0239d,Movie 978
7da70efa-781f-4194-a59c-61fe841c054f,Movie 979
7a1a2ba5-90d1-434d-9f67-d78a81598311,Movie 980
331e89e1-d87f-4db1-b699-62b4748ded39,Movie 981
9c4b2dd9-0ba7-4416-85dd-74799d227500,Movie 982
c5e9ff9a-fda3-4298-b873-2b4ae8894d61,Movie 983
c190fc3b-d798-4513-a9f8-fd2e42d9202b,Movie 984
1ba73283-2d4b-41db-b618-ee3e4d91184a,Movie 985
f8b06aed-0ba3-4aec-aef6-1c7d9ed3a885,Movie 986
82eceade-34e4-4bd2-b563-9c1bbd693905,Movie 987
1f130ddf-58ac-45df-9291-302fce40dfe2,Movie 988
ec5b7094-4b6e-4cff-b3eb-b06b6d1a012d,Movie 989
8532054f-07ce-4ecf-9887-60aa9dfffc09,Movie 990
c283d6d5-e52a-4772-a9e5-cff7e0e1358a,Movie 991
23c1ab0c-1ae4-4457-b2cf-f11b92149e99,Movie 992
8e8d89c4-b2be-4415-ac8b-5be5ebdcd931,Movie 993
87b002be-98cd-474a-b37b-5ee801b78e42,Movie 994
09b74bc5-5a6d-438f-b148-16aa92180ebf,Movie 995
6483e90d-fef7-4a52-97e2-605917ceb4a4,Movie 996
0269e71d-b0af-40ca-9ed4-2c31c491fc61,Movie 997
063ae607-2a19-426b-846c-773367bbb83a,Movie 998
f65fca01-dfa6-49cc-af91-3f27ed784966,Movie 999
af6204d4-da85-4a4f-bbe8-51c15b83d7a5,Movie 1000
