d5e818b9-c117-4bca-a397-24d81c2bf6ec,User 1
a9c6f1ec-a7cb-4af5-b1e5-946d33303541,User 2
f81387fa-2124-4be5-b9b9-f261967e7675,User 3
9dc44614-1321-439f-8eb1-c0fef1444c1b,User 4
dc3a91c5-aaae-459f-a7fa-9e1d648cf66a,User 5
6915d6ac-3dd2-4d80-8817-be67799d3c52,User 6
2cebd390-78b3-4a49-b1aa-75aeb22b6d87,User 7
565005d5-651b-4a3d-901e-7bdaf6664452,User 8
4adb7f54-6902-4bcc-a58c-3499c5f9c196,User 9
bd9798b2-ca5a-47ea-9449-d088d3e9916e,User 10
eb214a9a-9c62-4bd5-b583-ae1275022d67,User 11
a65032e3-6999-428a-b2ab-bdc5fb190223,User 12
b76ab614-b5bc-4e7a-a925-383e8530264f,User 13
77a64079-d134-432e-bb64-9b85f2ea90b0,User 14
1087c965-8564-4cd5-b9b4-c36ef99e1a1f,User 15
e1f23bb6-de90-4d77-972a-2b52c10efd8a,User 16
85b1fe1a-de47-44a2-98a9-37dfc4aa4588,User 17
bf3cbd05-646c-4f5c-b80b-cc18cc9366d2,User 18
a5ec4c56-846f-4683-9da3-863f1325ad7c,User 19
8cc55706-3114-4d64-9468-d4fcc8896d81,User 20
1a54129c-e206-4117-a502-fd900b6e3fdf,User 21
29beb379-1635-4066-8e81-925200c789a7,User 22
176f3d43-77ba-4cd7-a464-c67671c19666,User 23
1940c505-4af9-4a66-bb41-ac63b6790127,User 24
9a4a3275-6926-4039-a876-dd0d59cf847e,User 25
9063005b-a9bc-4d00-8530-ae03de8df87e,User 26
d706ddb8-07bd-4fac-9b79-45551e8ea57d,User 27
835c02d6-2a4a-4899-bb4c-ad20a4145200,User 28
a3a95b18-fde3-43ba-9e26-3391d0345370,User 29
60189c82-3497-4b1f-bfab-ee44d79e0c90,User 30
2068f2f5-ca38-4930-9328-5dc4ea945a46,User 31
f556758d-04ae-43fb-939e-2478476de2ef,User 32
53f68581-b13e-4369-8f06-82f13111716a,User 33
41e9bd30-966e-495c-851a-9f1da32ad729,User 34
aeae96ff-a078-427b-89b4-afc61500d71a,User 35
41be4c6b-ed58-468c-bc8c-acc98a5711cc,User 36
a6d5ec0f-71a6-4a4e-b1b0-e32d339d7f61,User 37
9d3040cb-073b-433e-afd9-9a6ffdbcb3eb,User 38
5785df82-7e3d-41fb-b378-546b80fe689a,User 39
f9ac1b71-b045-47dc-80a4-b6457859819d,User 40
34134fb5-a9b2-4e89-b790-95f1b2b11549,User 41
c54997e9-b4da-4514-b292-f62a382ecc10,User 42
a7f5f4a8-cb22-4fa2-af30-c328c9b132f6,User 43
5561e90c-d599-4e4d-bb6e-65479287de37,User 44
ebf1bce2-c5fd-4a6e-a086-4d0e4c934ec1,User 45
a1da3f36-e684-4c6c-88dd-f7d786392bab,User 46
ee7007d1-4d6a-4e9c-a164-86081002c0d3,User 47
0de548a4-6a52-4aa0-a5d0-802e357c7045,User 48
e0fddd66-5983-40dc-8013-d44bb6031dab,User 49
8eae4ace-654d-43bf-9292-9b138c205ae7,User 50
3a44a8f0-53ab-4fff-9abe-0903913b6987,User 51
03561580-74d3-4e67-90fa-3c5af825b4ed,User 52
a2ba2cc8-6ab9-46d4-ae70-43ad438b29f5,User 53
c9144ba5-47aa-4f02-99d9-338722c5e248,User 54
8905d771-06a0-4649-9a3c-ed7d2cbb216b,User 55
64f0949b-a884-4ef7-8577-fa62c0c24958,User 56
e24cc4c6-f49d-478c-9d00-4368dfcd1cd9,User 57
6ccfbd94-7f31-46b0-85e3-2b40e275c3b6,User 58
b9e14fe9-9b75-403c-a7c0-3be292ebf43a,User 59
2652fcf6-277b-4f00-bc21-62ba9cc028d3,User 60
b0bbe5e0-ac83-4fc7-84f5-2b04a6430522,User 61
b01c85c3-291d-48fc-a43f-13c0d79cd796,User 62
297a137c-2de3-4219-a324-7396e1a457b3,User 63
c1741294-c71f-4583-afe5-978d1360c84a,User 64
e595a64f-3fe4-47c6-9eb8-0e26e3f3a3ad,User 65
886e5ef9-3d5e-42ab-ae18-66567867fc20,User 66
11e9ffaa-f615-4a07-a6df-c1192ebf1bc9,User 67
7e298958-9bd9-41a4-a8cf-7b01ea8435dd,User 68
a0c4dd7d-486d-4ea9-9eca-7ed98db53f69,User 69
cfbaea7d-a379-4472-b1ec-106759669e74,User 70
f0e934ad-9e49-4043-8667-27d49313227a,User 71
ad85bcc9-3204-4365-9ec9-ec0a781c885d,User 72
0d27fef1-301b-4dbf-817b-9c1b6a2c9a2d,User 73
76770478-762a-45bb-80ab-17c5df7bc903,User 74
70ae14ed-4dbf-42ef-9d55-79ab176c0a93,User 75
bf6ad89a-d4c5-4148-b4ea-016823263f9a,User 76
00ddc9c0-bb17-45ec-8807-84946b57f1ee,User 77
d7126cee-d879-4a67-80e8-9ec8614f74b2,User 78
0c72d8dd-a57f-466f-832f-1097312bfd65,User 79
85a215d9-849a-40d5-822e-3af2f2b9adba,User 80
7abe36c2-1287-4421-970d-8b99937c6021,User 81
52ffcea4-9b4e-4d32-aa46-7693c7351c84,User 82
998ec9f9-3d92-4596-a21e-4bf6ff50069e,User 83
b907f3db-3dce-4165-97e3-16a7ff10f395,User 84
ccac9af6-e682-40ef-988f-8d8b97c21d59,User 85
15e00d81-1fb2-4016-ae14-019c5c12f8d2,User 86
cdde7344-0897-4190-b275-d2da89d4c1d3,User 87
b3c6175e-4156-4df7-ad10-d3f01ff3a04c,User 88
fc2d4a57-da54-4dfe-b86b-519405ec8af5,User 89
e5ace50e-9b81-40e1-bdec-34d448233509,User 90
089a0cc7-6c59-43ce-874b-ed3a9d54a005,User 91
b9be80d5-6239-4eed-b687-8b9c7cba102d,User 92
c7c5d789-809b-45da-8973-93bc35255ec8,User 93
79c0b5ca-280d-436b-ad89-1bd0514a9cb2,User 94
b45fac79-5c39-4413-a2a2-0930434406ff,User 95
3d2e6328-02fb-4f7d-a138-d71d39f42b12,User 96
b02d1071-efef-450d-aa38-da02734855da,User 97
835e78ea-0b4f-47a4-8846-449c848af733,User 98
e9ecb86e-f57e-4fa4-8439-e722f56adb82,User 99
c7c20591-ff42-41cd-a893-e4631c876cd1,User 100
76ba2522-0f4a-4e7e-9dd2-78bedbe14195,User 101
2d4ce68d-2362-44d2-b411-ad5fc6fd09a6,User 102
cb585867-2b51-49b1-a83b-12c1d54d4c88,User 103
5b1400bd-bb80-4918-afb1-4ab425ee01fb,User 104
204d0867-e00f-4722-a9cd-058db039885f,User 105
5a29a44b-7cc5-470c-89b1-488d426adf95,User 106
5a9c4462-1c0b-4131-804d-add80c37c8bf,User 107
d14f1b2f-0494-41a1-83f5-e09bb22e98d7,User 108
8c236cd7-29a3-45cc-af62-597f0206f0d3,User 109
75ee54b0-5c05-49eb-8630-7d7f434cbbae,User 110
3c6ba57d-556b-4d51-b718-6a8bdc5a9563,User 111
d0df0679-fda1-4900-acdf-7b2e20b89679,User 112
84e11bea-c57f-49ec-8487-8618733c5014,User 113
151a35ae-ac67-463e-a14c-2052ede81161,User 114
03bbad7a-782e-4748-88ad-dcd2037a102f,User 115
c26dc031-cf59-4153-b1c3-d7e3569bfadf,User 116
6d88d25a-6360-4681-8027-0d5111e4f51c,User 117
cd55dc7f-ac83-41e6-9ba7-6836e205d45c,User 118
a8e7e513-b975-4b09-8e3a-ebb7fb138d9a,User 119
4df28006-94fb-406a-aa4c-453721afdbf4,User 120
6a234b3e-fc11-4ef5-8ade-cbace7661e1d,User 121
ee208f7e-fef0-4846-bc3a-21ddb0dafbfc,User 122
f4c21514-b602-47bc-9ce3-c1642918b428,User 123
183e6b6f-c31a-42bc-960f-59304d22cb6c,User 124
0957e883-0b59-4396-9372-6049c82c854d,User 125
9e88fbcb-d47b-4937-99ec-bdc19213bae1,User 126
3ef50816-e1da-4883-ad66-196617561508,User 127
15e3f0d6-f2db-48e4-8fac-74283924bbb6,User 128
8720015d-87d2-4c72-9228-d7928cd64a99,User 129
0d7d2801-0c0f-4684-acf8-1ba5a3277343,User 130
48912557-af52-4098-b6f7-f534ba4a6ef3,User 131
89a6f7ed-992b-4820-95b9-0ce808cc67d7,User 132
729ed1aa-5d99-42ef-a700-c649a6d814a3,User 133
742242f8-bcb5-49c2-a5ec-8331d24275d4,User 134
c261aac6-fb4c-42d5-a3f7-f53aab6a2f17,User 135
c1d60aec-8d4a-481e-beeb-0128dc7c6e98,User 136
651aec4d-38a6-4e8c-9c67-19edc51d424d,User 137
353d8a25-041b-4bd8-a5ef-516928500036,User 138
db88b12b-ab82-40fd-9e35-5d9d60ba8649,User 139
d415f67e-aae4-4d27-b0ff-6f0d4b492273,User 140
ba5b7232-909d-491a-8cb1-2c3f11926949,User 141
0e40c880-e834-441a-b91f-02bf6264ec7c,User 142
16d8bdb8-9d4b-49fe-8e9c-976f43f6c4d9,User 143
1c48c311-0787-4a37-8719-b42c1f341db0,User 144
c4cd197f-ad73-4f81-a530-4f1de989b0a6,User 145
8fb7cb02-d0a5-4f06-8aa1-809feeef8485,User 146
335e514e-a67b-4165-9238-72f4d21b1e87,User 147
0ee4c947-9b4f-4872-bbe4-4a96b7e960af,User 148
eb0d891b-a3f5-4b96-a04a-9be53f294789,User 149
63704fc2-3bf6-4bfa-acf1-90dd2f3111a0,User 150
26fa340e-1ed8-46dd-a906-202566091953,User 151
50c5759f-65e9-4f49-ba04-e94d15affc9f,User 152
a85bdea4-61b1-44f4-8629-8cc63417c3ff,User 153
48e40550-06cc-4615-b723-f1a856bdbb92,User 154
e7709ae3-6a4d-4e44-988b-18a69d3e44d7,User 155
d867a8f8-f2e5-4548-9e9d-5c2996678376,User 156
a8febc3c-eb0a-44c1-a041-f0c5560ec959,User 157
9124ea09-cd29-4ad8-b005-5cf5edf794e6,User 158
da52140c-1a51-4fb6-8847-a541373da04c,User 159
95d2cd8f-0c97-456f-af89-22f717bb5c81,User 160
5179687c-9b2f-4f37-a3de-9089c6c3fdf2,User 161
cdcb9b0e-84f0-4ec0-891b-8e5757b8b444,User 162
aa0da83a-f3b5-48d1-aaf1-701d18595050,User 163
f904a86c-cb54-49fa-9041-b6f6c5fe9861,User 164
1dfc5381-a005-43b5-a4b7-a91d5581c564,User 165
94c9af6d-fb8a-4520-8b03-469f29421dfc,User 166
a3f609f3-4fce-4229-9984-bdd92de4ff0a,User 167
0cf413bc-6efd-4433-b440-154fc3202b1a,User 168
9c121da2-2506-470d-966e-8a72c43e63f4,User 169
331937d2-c00a-41e4-9556-6fe68305c0cf,User 170
f371a112-6bef-4c8f-9443-8691beeb32a0,User 171
38e70d64-632c-4b93-8d04-7117c267d094,User 172
1edf8e89-48e1-4f41-a877-5e2016ec4f3e,User 173
4e916ade-be87-4f78-8ab4-1880fb845ce3,User 174
c3954f2f-c6a5-498e-abbd-ea5425276a82,User 175
de887338-8d5d-4718-a3f7-4c516fc7ed7b,User 176
d5b6937c-7600-4ce1-b94c-2d9f9cf77049,User 177
4b4762e5-d3f2-4a0a-a499-dd2ddb8a21e0,User 178
d6f41bbe-8ba2-44aa-9253-a1e8a012d422,User 179
b675f526-70e3-48be-bcd5-74a6171d3f56,User 180
ea0f02b5-802a-4790-89eb-8a879232e926,User 181
7edcf5b4-b417-4980-a338-829892797230,User 182
b856ae5f-e514-4714-9ff2-0f397479986f,User 183
d636c73d-c70f-46a3-8ed0-37855c0495a2,User 184
f64919dc-30be-4e15-8f50-a9ec361ecaca,User 185
8d424b32-3646-4cb7-a9bc-a362463d3aa1,User 186
1c17a601-be83-4008-b05d-82cb9395fd20,User 187
0c1afd2c-ac0a-4f91-8a5a-ebe4d8e385aa,User 188
16dfa875-03c5-4c41-8ebe-d1983ae826f0,User 189
a740194f-debf-4a48-be66-e6a232d73ac6,User 190
63a6f1d9-5f46-4c97-af54-21ce3a6e5539,User 191
d82f07d6-ee85-46f2-b38e-b3671481637a,User 192
42130a69-f637-4bba-a265-1dbb7922fb69,User 193
682b585a-d9c2-4d3e-9a00-8206b359b8f2,User 194
33745313-539a-4453-95ca-b84c8a64fbbb,User 195
4790f9a8-caf7-4290-9e4c-6998db2da703,User 196
a9087cd4-8e0b-40f9-9e46-d843d2587ff1,User 197
46736dd3-013a-4a59-8639-18a10cd9b25a,User 198
7609e10c-e7b4-4164-97ff-b29a53ff2611,User 199
4346b3a8-1a45-4e6d-bf35-6fa70eec419b,User 200
465ae690-72de-4a4f-b985-0873c4cbe4f4,User 201
3f14065f-5a0b-4c3c-a527-76ea831cd0df,User 202
e72ba46e-a7fb-416f-9f54-a057f6847cf6,User 203
444094da-9980-4a57-be4d-80ba5eec129c,User 204
2e3cb4de-d1f0-4f1d-a224-3dbc15dcab9d,User 205
e9c953e7-9d23-4e19-8e40-bcc40ef8fafd,User 206
4e774fdd-f652-4436-82f1-69d8e22c3577,User 207
c932636b-7a2b-4acc-a068-9bbd75136217,User 208
ed3e9b24-81bc-419b-ae09-674197d466a9,User 209
e5a17b5e-79f5-46b9-a41b-bbbdc1485744,User 210
db07efb2-5cb5-47ec-9daf-c50aa863e920,User 211
6553d598-114f-425c-a51e-db03f8383ba8,User 212
b03556e5-cb70-4d36-b346-14e1980e4857,User 213
15aac7e8-fa66-478c-8b6f-0b9360b0a6d4,User 214
d4c7c342-b3e3-4134-9112-dea7ebe22133,User 215
34d66070-f034-4741-ab16-e6130216bd92,User 216
4e71ddd3-71d3-4869-bcbb-f71b67abecc0,User 217
eda74eac-0389-40b3-afba-af5e9c4c04da,User 218
f047eaee-871e-42d1-a671-540c0b003017,User 219
972ca434-0524-4cec-9e32-28f57586f2a1,User 220
d0f61a89-c355-42a0-a789-15b59958b841,User 221
d7beffb5-0103-4696-bc74-0e6a25ed1760,User 222
e26cc520-2da8-4a54-9259-8a2390b37b2f,User 223
ccd520c0-e6e1-43ba-9b00-0a104805f51b,User 224
6fa56d9f-5dc1-4655-a96e-5c53e7f2e189,User 225
729e74c3-2ce6-445b-92f2-fac4e2db47e3,User 226
8a7e33fc-1d91-4ed5-a0df-4e841ea1c156,User 227
54d114f4-d0a3-4935-8b52-45354f49aba4,User 228
503885a6-45f4-4590-9dbd-b80b9c88acba,User 229
287f9dcf-602e-494a-9eaa-7597ae36b6e0,User 230
66296541-e89a-4c26-b474-4e574f341d2c,User 231
e9f0a782-118e-421c-b1ce-8c2857d196ef,User 232
b172d670-a8e1-4388-9925-78c40e9fc52f,User 233
d087d956-a4a3-4258-9e7d-c061000df35f,User 234
b5e555b1-1878-45fb-8612-598d745e920d,User 235
c8e721f4-4e31-4d2c-b17c-89245b1c39c3,User 236
2d72c2be-4a24-4b8f-b171-9a20fcddf7bf,User 237
e912f41b-1500-4eff-8c1a-da3b5f533f64,User 238
6f0c50fe-37df-4dc4-99e7-1a07b720ae45,User 239
346c3ff4-0076-42f2-b348-6c3b4241a037,User 240
f534d246-7a7e-4fb9-96e3-a134d0c8e774,User 241
0dc5b2d9-de0b-4938-8e5f-b0f6d3b42951,User 242
a9c81f8c-2861-476a-b538-cfd199226be9,User 243
f8140bf6-5527-4675-bd2e-86773f945786,User 244
b254d915-5789-4524-9b58-8c800352fbba,User 245
2cf37f54-7801-46f1-9004-6ded79ca9f5c,User 246
5f67c024-b70f-49e4-a7b1-1681639315b4,User 247
1f99cc46-f1e8-41fe-bc86-acd6c3ddd35f,User 248
18c2c3d0-e6ee-4576-a316-1872282d6a9f,User 249
a0d18cb0-b8bd-4b96-8da0-1511ba3d8aec,User 250
de2417fd-b6bc-4229-948f-c2260a63235d,User 251
e7eac791-fd48-45bb-9a70-ccb3dcbcc8ed,User 252
84c825e2-0cd4-40be-95b0-34c23dc15328,User 253
ad17d6ff-56aa-447c-b5de-f8ddf7d90702,User 254
379daf35-c8cd-4ea7-8127-0073ace3a90d,User 255
7dff2168-83fe-4f2e-9f2f-47a2a1fc9d29,User 256
80bb6f3e-9232-40fa-9b39-634cc3b2f15a,User 257
1b79cc2c-c4ef-460a-a65d-d94dd28d6967,User 258
a3269cf6-b06d-4d5a-a384-ccc14be88a08,User 259
55ab1095-51e6-4565-bda7-3f8d42473c96,User 260
dde7289c-b175-4e72-ab37-e7a5d2540f7e,User 261
b6a64a72-f3f3-4b45-91d6-344c891d92d7,User 262
5f371ba1-d5c4-4838-98a2-7b20478f0f99,User 263
afdc7604-249a-4315-a4ca-2d22d1dd84a1,User 264
013d8e1c-1595-4b72-a9a9-e8d33006aad5,User 265
85bd7dbc-46ad-42cc-95d8-de9241a82616,User 266
29d98ca9-c4b8-4355-94e8-7b34ac342fac,User 267
049ca549-9ef4-4b03-bd86-9a614aca12a6,User 268
6cd65c32-2cc2-48bf-8ad8-8bde8864df82,User 269
f966ebac-1211-49ac-8837-5a7d32133d57,User 270
6aac1b37-94c7-4f5e-857d-ce1765a4dce6,User 271
21d127dd-26a7-4e6c-9000-207a92335698,User 272
04bb417d-0a90-4397-a1dc-beb2cdac1282,User 273
7c18b170-da86-4885-95c9-8188ba0eeb67,User 274
1539f606-f8c4-4e13-b697-c86f3baf0d81,User 275
da46ff1d-bab8-47eb-9c37-8e9932c6c0b1,User 276
fb67291c-c220-4e23-b013-cff9cd697251,User 277
54721826-0229-41bc-93c1-6976cb3dc78b,User 278
c622555b-9a72-4221-88f7-456cb4e61da4,User 279
bbb45c3e-5c5a-4c04-8ed1-2cfe479bc252,User 280
bc24f717-2f21-4252-a94b-e429523ba7b3,User 281
132a6b84-3221-4593-a313-0289f02a93e3,User 282
ca49b854-4c7d-48b4-a29d-661a967fd20e,User 283
a0427b6c-2eef-4ca6-801d-57be13a5b39d,User 284
9641b103-05d9-4dda-a45f-4ff3139092d8,User 285
d9f87784-485c-4732-8be9-3621bc607002,User 286
a9042585-2bc1-4719-97b5-da935c62aa5d,User 287
619f1be7-ba5c-4f1e-9316-6f8aa5ce911e,User 288
c2f350ca-a46a-4a5b-b73f-17a036336967,User 289
774d9522-fbe8-4a23-ac94-37624c91c803,User 290
a8e331cc-3649-4ccb-bb41-f671efdf4e9e,User 291
5832f24d-461d-41f1-805a-5ab98f67d0ea,User 292
7b341a5e-986d-4354-ba8f-152b94816239,User 293
282dd9c0-af59-4481-affe-615e1273631d,User 294
31fe1ba7-0b21-4613-9951-5e5b7e0f8ae9,User 295
999c59cf-c768-40e0-8d52-80a67f4b9995,User 296
64213de6-1cae-4c46-ba58-2feb79c1d7ec,User 297
07dcbce6-e9fa-40ce-a5ae-5da2aff869ef,User 298
df7d958c-87f5-4c61-9e0e-0ca9bbfd567e,User 299
5a16b66a-75b4-416e-bafb-e15bc2c981e8,User 300
e50a819e-3248-4349-82df-26680a2ba0a5,User 301
671054f9-bc91-4593-87df-c63dc2a38b99,User 302
892f396d-3a58-47a3-9041-8e4fbb59e534,User 303
2641c826-766d-4774-a0af-9b3afc2bdba7,User 304
09595b8c-4b05-4ffa-8723-036fd4b15ebb,User 305
a6415b26-89a5-468b-ac6b-ec18a94fc43d,User 306
4cc0adea-9cf4-4930-8c69-239bc0999808,User 307
5a0d2dff-c453-46d8-8399-9c889cee8b7a,User 308
e7c3ba8e-f37e-4ff7-aa6e-50fedf1d50f9,User 309
817d91b5-6e99-4d27-904b-66a636abe1f8,User 310
52ec77ed-c7e7-4889-b444-c12fefab6a6d,User 311
c5e5947a-a79e-4316-8a0e-5be6e2072035,User 312
4c9f8f84-3b60-47dd-8ec9-3f83e68f73a0,User 313
42ae496f-6694-4063-9ad1-f322bc4cc01e,User 314
8cc1aaec-fb97-4adf-9ed9-053f92382c79,User 315
11f6eb0f-020b-416d-9bcd-249c0481021c,User 316
844435c1-e011-4a2a-a4b8-2d0c9894cf06,User 317
3181d0a8-2c73-4e02-81ba-d3bf807e1685,User 318
1da97c16-684d-4e4b-a643-08ceedba8bab,User 319
e20428ee-b05d-4b01-8ebd-3c9069f5f4b3,User 320
d370c935-16b5-44ca-9796-21b8d66e99d1,User 321
67c5fc43-3dee-4f14-b695-6dbfb96e96f4,User 322
c3cb2ed0-8b94-4bdb-a254-b51394a11f79,User 323
be26a2a7-df6d-4a00-9330-33b103b4f4c5,User 324
fdf14ba2-bb43-4e37-b451-c8d1d3c1952a,User 325
645c0453-d564-4c70-96bd-89ae27385efe,User 326
a5fecfd7-dc71-414d-bbaa-37723e8d3dff,User 327
02e2a567-5793-4525-935b-eb61fa9d8c67,User 328
b93113ed-4f80-4526-b0ae-2c067574142d,User 329
631ee841-e3ab-4b51-b2cf-c50c5ace012f,User 330
450db7ad-7bcf-49c1-bdb4-ef84f410654b,User 331
c7c20a19-e60b-4308-90cb-d3a21b746bbb,User 332
66e31fd0-d8f6-49f4-955a-c645511d4027,User 333
2681d671-c5fd-427a-9d2a-fed2069978c4,User 334
0b00bc2d-0d25-464f-a2f4-f89d75aaac43,User 335
d81f83a2-d682-4480-bb18-3e9fd90edc15,User 336
8c5a430d-3f3f-48ef-be83-0deb1c09ddfe,User 337
bb3eded4-28db-449e-a9d6-f925bfb3c23f,User 338
59cf8af9-2962-4532-96fa-0d5cc56479bf,User 339
32637abf-c188-45b6-a415-7054179dc610,User 340
6bd427b4-499e-4048-8d7c-3a1d69ba1540,User 341
73389e3a-5b12-485a-a6d6-fc3829c9c14a,User 342
d5a5b177-2147-4391-a168-3e6e4f240813,User 343
7a255161-1553-4356-bc77-5b5dc04fca15,User 344
1f54407f-af90-47b4-a360-15e7eba5e58d,User 345
57d2e84a-35d4-4ad8-9dd3-258ee6dbd311,User 346
bb8f25c7-11bc-44a3-a90c-4403ee88eed1,User 347
3bec0aeb-7777-4eae-97b4-a12b3fd9d81a,User 348
c24c2606-0972-4416-af22-a4cc317b07fd,User 349
330ee466-15e5-46cf-8c94-493fbd28acf9,User 350
713b5570-7c02-4a25-93df-258fa47727ab,User 351
23aae2ac-5f87-47e0-934f-4ec7acff1d79,User 352
8c91f6e0-ccd9-46dc-b014-b4283ec920b5,User 353
988398b6-b647-4760-b0e0-48f7d58f43ef,User 354
da6daac9-e514-40ce-8710-a882229c64b4,User 355
5342c694-e728-4fc5-8787-27f16f90edc6,User 356
ad735ee6-be84-4a02-a780-fe11af1c908e,User 357
3c53cb26-2649-438b-aa5c-409da11fe073,User 358
cbb10ede-7125-45a2-8f27-fc6bf2e125bf,User 359
d99b72c7-afb7-4ec5-b39b-e0ec99031983,User 360
8f4f83fe-6be2-44c4-b636-8a2ce68f367a,User 361
8bc4405e-7150-428a-b4fe-2baac53f8b0e,User 362
ae37bcb2-9432-4892-8601-8e3756f5fc00,User 363
6baed000-83b5-490f-afcf-8702888f64c3,User 364
2565f58f-64b2-46fc-bff7-e6ea9faee9c9,User 365
a5bc38c5-8a96-4c64-aafd-41483dd70e81,User 366
c2bade34-ce8f-41b1-a2a3-98c2a9b317ef,User 367
0b6bcc7c-fc6b-43ed-93de-fd6e81deee9b,User 368
828218e6-c44b-4bd9-8422-440e2258d499,User 369
54ce2566-776d-4a9e-8dbc-a1aaede638b4,User 370
908d2397-63b5-4edb-b65a-a1895d2d3afe,User 371
ba0ae283-0bb8-486f-b39e-36a7be184715,User 372
107436be-f08a-4910-aa42-9b1ce33085d9,User 373
a2cf1ace-86e6-4c6a-9400-2fea2e7b0687,User 374
d64548d7-dbb7-4e49-b045-23f628b5b03e,User 375
3f74b42e-0ecf-48e9-81e6-68c2a18174c1,User 376
c95a0793-a079-465f-856e-a34eac23727e,User 377
e19f2b9c-fda5-460c-9a66-f58a38d5ca46,User 378
a53ad2b0-ff97-48e3-9389-19cef3f3dd45,User 379
1f7d64ed-9eb7-4dd7-8575-7c6321fdde35,User 380
5f126422-17fe-4a76-ad58-5303ded43383,User 381
0b29acfe-e99c-4c52-b113-b703ab2ae795,User 382
57ae33f5-0bca-4dc9-ab3a-a44efd62e8f1,User 383
54421371-a530-4657-92d0-7a6495327b2a,User 384
9c153dcf-050b-4a74-a260-cc361ad680a0,User 385
0dfc1a0f-7b7b-4f1d-a555-70c279e9a207,User 386
47999393-b250-4e4c-8588-b5ab3a3436f3,User 387
356c6546-a030-4803-9101-4961192d107a,User 388
57211b21-1874-4252-b9d7-bd8343774781,User 389
357f8b01-9ed2-42e9-a292-55a3a4e59bbe,User 390
3dd720b9-f8c0-41ba-92cb-d3a7c7ee689e,User 391
f7f4bbc1-a9ab-49e1-b6c4-6ec228869b83,User 392
8d710183-ddd5-4a95-83ba-3f538afa98b0,User 393
d60300cc-e09d-4229-9b5b-f3a5ba79801c,User 394
3099423a-8506-4896-aaa2-95ecd2c25148,User 395
a88d8d6f-2f31-4dd7-8968-b1521f77387e,User 396
e859a112-f0d5-4d09-b04d-d3dfbef714ae,User 397
b6de0de1-8dff-4374-97dc-3d15ee4597e6,User 398
d3d31218-cc56-4364-936c-0e8a56491c37,User 399
069d3c6a-b71e-4d5c-904f-f926145bb6d0,User 400
56c64836-ed1b-40a9-8457-9603793e7cb9,User 401
616d49b9-c3e3-49c6-b19d-b95e963c6907,User 402
1aa20f74-5c68-457a-bb4b-ed02e184854f,User 403
42aa043d-e991-4c4a-a257-20c39d44f7e0,User 404
6a5a634c-2771-41b5-88fe-8798bed3e48b,User 405
bf698199-cd1f-4851-8dcf-8bec256a6876,User 406
e9353703-c159-463d-9dc0-b7512184df3b,User 407
3de57013-7d4a-4b55-aeb0-71e77bef8d78,User 408
025f1976-3743-4466-8e00-3a0d02264c46,User 409
dfc2c687-f695-410d-b573-7212852ce0f7,User 410
6dc4ebbb-b8b4-4e55-ac16-76961451d616,User 411
35c60fe1-acc9-443d-b159-7cec01b83b2f,User 412
4871c99e-ddfe-474c-87dd-d9a9afee881b,User 413
e4bba54e-ce75-480a-81b2-273a498124cf,User 414
1570fd96-b906-4212-9240-f87a42de70c6,User 415
ed36aa57-dc1f-45fb-a80f-202635fb4b7a,User 416
3315b0d8-9105-4759-b5a4-9c7ce4b30269,User 417
7ee58aff-09b5-4cdb-a8b2-9f28c40c68f7,User 418
3dc4d46c-1a5d-4313-992a-6a81d4c50f87,User 419
67cc4c06-30b2-44bc-97f1-abb9d88a5c5b,User 420
6990ebe2-9e45-4138-bb1a-fea1e4369435,User 421
bbd3729c-8e4e-47f1-a89c-b9568698ed64,User 422
f9ca0a0f-a23f-4336-b178-f75e897eab94,User 423
906c0091-7ce8-4968-8349-8281f0f63b24,User 424
ec21a8bf-4ca7-4c43-a4a8-d2c532de5073,User 425
21047e11-86f0-48ef-8f5e-189f14da36a7,User 426
f15eb923-2520-4e6f-9e18-d16e1a4df20d,User 427
bfe8a239-8e7e-4631-8491-e58029c7183a,User 428
93fda416-42d7-432f-8c5c-130506789d9d,User 429
00ec6a21-ae38-4cf2-aa0a-6bd46b7d7b24,User 430
fb51338b-b7c8-403e-9f29-90a257539aad,User 431
f8a91d02-bf7f-4580-9309-dccd1ca0d6ff,User 432
a4eab6be-9da9-4cfd-8afb-6a3b6ea7bee4,User 433
a342c45e-ccb1-41d6-a99a-18731a11e14a,User 434
8eff78b3-3e0a-4162-a018-0062885ef10b,User 435
f38d65e3-2b2f-4fa7-a14c-9aa84f608f5f,User 436
a448a1c4-446b-453a-b92b-0a71281ae00e,User 437
75aa3d5a-f552-4d09-b879-9da309c1ff9e,User 438
196646c2-63a6-4b0b-929d-bee3c381c351,User 439
d543d49e-4b5d-4279-b924-e69215ec98d2,User 440
87227314-f05c-42c0-b59f-8fde3572e1fc,User 441
4b445c4f-5bda-45a2-ae8e-a0fdf3a6f114,User 442
9d7ca7f0-3e35-4663-b493-dcde94f0e60b,User 443
b15fb540-d100-441f-9eb6-cddce83fb057,User 444
630167f5-6998-40b7-8978-5f9c4d1afd22,User 445
829bd2c9-0655-4fac-87af-b0d8a5bcb176,User 446
4c40dfde-3576-492e-81a9-d527d8683006,User 447
1276ef28-26f0-497d-ae94-4a5396806d4d,User 448
de66eda0-26b2-404b-b269-9e62a88be8c6,User 449
01144069-fef5-4c4f-8f72-7a0a7f10fff1,User 450
cc448915-623d-48c7-91e2-503a4914f07f,User 451
4208c699-a24e-4e94-bf50-7dd60220362b,User 452
5555032d-ff87-4c18-9423-2c12d9a764e3,User 453
515875b3-28fe-4c66-87ce-fa23f240c184,User 454
675a328d-71d9-409a-8533-daf2469e2672,User 455
1c2d62e7-38cc-4467-be34-d6b5dffcd656,User 456
71bf144b-edd9-447f-85c2-2cbcc0526b9c,User 457
aa32f37a-52b2-46aa-a328-291b53a84184,User 458
a3170aa5-5bdd-4630-9e5f-20704211d88b,User 459
b7e1b1aa-62f2-48e6-a67f-539d915f3a36,User 460
99252151-01b2-4cd4-b2ed-09921e195d8a,User 461
55c915be-c2be-4abd-8e5a-df1efcd5f93c,User 462
0e5ddf6a-866f-4584-a722-f52114c87d62,User 463
a6e20ec7-b166-4aab-ae7c-f3ca409d3f66,User 464
60e82708-f296-432d-a386-e3f5cc576d6e,User 465
fe1fe387-1c75-440a-9dc4-bd84be025eb2,User 466
9625269f-d761-47f5-bdd9-3ed00daa85ea,User 467
2690cfdc-d7db-4568-ab9a-3a4dbb217a1d,User 468
1a3ea29d-541b-4329-b75b-a62360446eb0,User 469
b62a437d-f012-48fe-8fe0-4c3d08679c93,User 470
625cd678-b77d-442f-8a49-08814f1b56ee,User 471
cd915098-91c8-48ff-acec-e387d0d39a72,User 472
5e044b76-b487-4dc7-a2ac-47a9e437e684,User 473
d49253d5-ed1c-4b6c-aad2-872851b7f2d0,User 474
26a4d1a3-2f4f-4a55-9ac2-f2d9c883a67a,User 475
27e28ea4-605d-4105-8ab9-877b679d890d,User 476
842873a8-877f-4e38-a182-321de385329f,User 477
1210c27b-3841-448a-8000-d38eec36e180,User 478
19709019-fdb7-47d1-a2ac-17d9dfa9d15d,User 479
e09de405-d26a-49ed-8a3a-875279d905bd,User 480
356f2567-b0d3-40b5-8871-dcc2a98b58ad,User 481
5cb37c9e-024a-4e1f-86c1-2eff24560641,User 482
99af7649-f03e-4411-be33-d191eab55074,User 483
260c64c4-03d4-4f0a-8a7b-9c0876687bed,User 484
c9febd1c-80a1-4e14-ae4c-04365d82ef4b,User 485
e8dfb2a9-cb54-4d78-bbe1-0c316368c1c8,User 486
80c80267-2799-4eaf-a983-bd7989969c41,User 487
2e9944aa-f458-4866-a0e9-59e6b01d6eca,User 488
fd821052-333f-4a70-954b-7d945d221190,User 489
2797708b-e905-47bd-b3e4-c1838df65843,User 490
89059602-5645-44f8-923c-7320aab85caa,User 491
243a93f8-6bc8-4e4d-8023-fae4031412b3,User 492
9813ba98-1e93-4340-9d23-f64f3af790d2,User 493
d2f429d1-2144-4d5d-847c-85b05bf9c388,User 494
385b2a3b-729c-4692-b472-6425a77bbea0,User 495
a0925da5-b4f3-4d42-9e7b-4bb792edb088,User 496
32b68ea6-ae1d-4171-9b4c-72e23bee1869,User 497
840aa01f-9b85-42c3-96ab-71f2adedb373,User 498
43a03cf8-9215-476b-b2fa-40889ba2bd2e,User 499
e326452f-741b-4c50-82f2-2fea01366e39,User 500
e8d313c8-6f11-4f59-9d2e-4438b1d40f32,User 501
49f10619-70ac-464d-ae05-844f4b3bcf0c,User 502
9b2cf85e-85d8-4105-a56b-8eb794778671,User 503
bf9df09f-1a3f-47b1-bf5d-edc89881f3cb,User 504
2f6dcab1-c2d0-4527-9de5-ab0f54f317fb,User 505
34f108cc-8829-4c4b-807f-810598b224df,User 506
7c53c47c-cd02-4d7a-b8fc-c80d31d38143,User 507
be70042f-2bd2-4bf9-a3e5-50b3cc9ffe2e,User 508
2818ca70-6249-45d3-ac62-889ba6704321,User 509
03752335-57e5-4ae8-84d2-500772571ba7,User 510
da190b28-05b2-4780-97cd-c7136f9212de,User 511
916ed50c-eb3e-47a7-8293-6b7d5a114111,User 512
eab5c485-e15d-41cb-bddf-3d6c7aeacbf6,User 513
2ec4713b-d3c4-48c4-8317-ee1bf7e87927,User 514
3eeba996-f405-42f4-80e2-3175c9163840,User 515
8d43b159-414c-443d-9c5d-52e2a355e69c,User 516
e68aae5b-1e76-40c2-a5de-87daff422807,User 517
76fb9bd0-a75c-400d-9c7b-7ed4f2f83a9a,User 518
c28eaa96-d614-426e-bc11-6463940cf3cc,User 519
e22e57a7-50af-41f7-a1bc-a65863e4e90c,User 520
69495e89-f551-4e3d-8f27-98aad7ca4859,User 521
33e24922-5195-4608-bbb0-7f9e1e5a08ad,User 522
7ff67cfc-3f14-4f71-8c86-862079a770f2,User 523
099ab9c2-e4c9-4e41-b64f-45a85d39fb8f,User 524
7befe865-b94f-4646-a120-7cbcc4414a3f,User 525
b1b72856-d55d-43d2-a4ca-73e2d7f33833,User 526
e1d60a7f-1f12-463a-b4d6-286dd20f43e3,User 527
0283dc38-da0a-4807-8f1b-704a3e1e3651,User 528
503e7a5a-0dda-443c-8ac4-db6f1b52f173,User 529
2934dad1-1863-484e-a805-c931a4cbd8d6,User 530
328a656f-55cf-411a-948e-24cca77009c8,User 531
db3475c8-472a-4438-a8d6-b4760b17b309,User 532
f7d9dc0f-ba77-4df8-8521-e2e0e20a6f93,User 533
4d29fa1f-ec68-4455-afe4-3410d4a48446,User 534
b5503228-eace-4e2b-8345-42eb78031ec2,User 535
f15a1f6c-feb5-43ad-8b8a-5e2f4aff3d4c,User 536
d8f76a80-f3de-4f31-9431-930cf74a4156,User 537
83b1f105-b3cb-4557-a99a-9495a7a45615,User 538
83167e68-2fde-41df-97b5-98abd3757238,User 539
0bcf505e-c679-4861-8622-0098b483f6c8,User 540
1cf9d997-099b-47b5-a5c5-00e8f23f696c,User 541
d79fe846-acc9-4619-af40-811fbd207ca0,User 542
cf602a35-bb9a-4325-b0df-f4d9d538ceec,User 543
6fe1babb-ca53-4eeb-9831-a4fe98432b38,User 544
0fe732a6-1df6-4cb9-aad9-81518f49db60,User 545
1d27950a-ec95-47a8-8973-6744c797b3d3,User 546
65d26d66-69ad-4370-ac84-21f00e1c034f,User 547
65ee7250-d684-4d76-8568-b9f48a22d60d,User 548
d5511df7-7784-42df-8394-2beee7f25826,User 549
a2c53790-26c2-4860-9881-10d28854e4f2,User 550
3c7b3e27-4366-4c59-8fe0-68fd935b9c04,User 551
b4c6843c-c945-4863-97cc-bba7992ff4c8,User 552
763981df-dcb1-4c6c-8116-33749106416a,User 553
7594b0f5-b761-47df-875a-af40b15aa7ef,User 554
db64ca58-0073-4731-ace1-156894a3444c,User 555
b24c5b6b-112b-4d9f-b2ee-fe76cb3f82c8,User 556
f6cdb325-fb9e-4de5-bf79-f9cc0a0bf518,User 557
a574717d-005d-49fd-af42-560e4780e192,User 558
6095699c-8dcc-4dcd-ace6-408d3f988970,User 559
dcf0d957-c717-48dd-8d87-c09d8d8b2eda,User 560
afa28d50-208c-4862-b13b-116442a4627b,User 561
d696f3a4-badf-431e-b322-322471ba854f,User 562
6a761c19-cc2b-4f0a-a999-8d1bb4b423d5,User 563
04cfcd9c-3841-4ed6-85a4-036a2783efb7,User 564
586f4523-19e4-4d81-851f-3fab2d6db4aa,User 565
f4f3f12c-02f8-457d-966d-6ee8b886083a,User 566
9bde995d-dd43-47fb-b537-51640cf140ae,User 567
57615edb-843b-41e7-a677-e420e8ad9051,User 568
f1bec36b-47db-4d8e-bbf5-714ac49c43ac,User 569
29d05653-2f1d-4e85-816b-a3c24c178b5d,User 570
ca91b4f6-b57c-48fa-99b5-15571dd17b0e,User 571
f3bf73b3-4a9a-47e4-a09e-4278f1afa796,User 572
86f225c8-bc68-472e-a0e5-274c7033ef65,User 573
98ec663e-2835-40dd-8445-aa8b137fb834,User 574
44bf4c10-1059-4de7-8a9b-d098178d978b,User 575
164f5f04-4917-4a66-88f0-f67b0c71af19,User 576
cbff8bb8-4dae-4d81-b11b-64b047f05e4a,User 577
11aea95c-24d0-4fc5-8343-cdcb359ac54c,User 578
ee8bbf42-3d3f-4dcd-836a-65d3cc412493,User 579
04a89884-dfd5-458e-91f5-c691a8f173a5,User 580
114febc5-5c48-434c-91b4-d5604fc73897,User 581
c50d3019-5ab7-4b29-92fc-563a54c8e6d4,User 582
8964838f-184f-41cf-bf95-97f01e22b68a,User 583
3bdbcd7a-d298-48fb-a6b2-0bfe321533f3,User 584
0c954c4f-1b92-469a-ad34-e84a80519d80,User 585
0e7d8be9-9705-4cea-b1e2-c590186c01cf,User 586
3505fc9e-35a4-41af-a8b3-bf46d6d9bcd3,User 587
1ae3810b-6b5d-4957-b64a-7f023b061684,User 588
a43af691-1da2-4477-a838-6d97b2db8663,User 589
8e2cdb82-b986-42ed-b037-ce9e5970104d,User 590
216f75b2-fda0-44e7-a9df-5e0685a3cdb1,User 591
209ef720-0b05-4448-86bb-cba71683f665,User 592
a2700c55-2906-498e-9d80-35a8461d03d6,User 593
84d755a8-cd90-4a1f-9981-b1d6538762e0,User 594
a4490516-266e-43b1-9959-62c07248f769,User 595
cc0ee069-d7e0-4dce-aa82-74546cf58a5c,User 596
a3ca9298-1b8f-4f9d-ba82-f04737ff9519,User 597
d7114042-c14b-40c9-8d5f-f190363fecde,User 598
9f6faf4f-551a-4f88-a27e-9f3c9673970d,User 599
af0a37a1-6fa2-4584-b9c0-ec82e04001b8,User 600
bae265d9-d208-417f-a2a2-7d25494c7fde,User 601
50d22ebf-363c-42e0-9f7d-a8cfb3072a2d,User 602
5b71e5e0-951d-4422-9308-48e365fe0782,User 603
e8830660-a29f-4833-9970-834689cff546,User 604
bb62e03b-8a37-4c7f-a974-018006164d4e,User 605
1ce8c36f-d9b7-411e-9f72-d4b90b462f7b,User 606
e9ec68ab-c0ea-4b84-b924-8960fcbc8e3e,User 607
6ad45265-b531-4dc0-90af-67472cb41394,User 608
f49fce9e-d1c9-47f3-980b-225d2bab0747,User 609
9b4269e4-2830-4118-9a6e-1e6746d2d09a,User 610
dc22dde9-ef45-42cd-a3c4-50aa23db9187,User 611
eaabf4f8-376e-4e64-b822-d19c69742d79,User 612
05787cbf-490b-4390-9e34-525f9d57392b,User 613
bdf5d9ed-1f37-4a43-9d37-de1b6472870c,User 614
d4e5fb8d-77e4-4f0c-9941-f78da73c6369,User 615
6f2d3d97-8ece-4f31-a26b-4b8a4ea3b05b,User 616
74e48f32-7004-4b48-9366-59a810b6aade,User 617
1d1e6678-75d2-4783-9094-4f3cbb0448a0,User 618
0f069cbc-8112-491e-86f2-00f61dc3750d,User 619
0b7746f7-3ea0-4b5b-adbe-ca306bbd8eee,User 620
e2b6c2fa-dd02-42a7-9eac-4e44e8f11bcd,User 621
04e2bac9-ee20-4301-a278-482528c1ab31,User 622
d6bdab48-910d-4e82-b449-e5be84d22b41,User 623
0a657f54-2b4c-446b-ab13-7dd0fdb8fec4,User 624
535dac8d-5982-4b4e-a396-5b68861091ed,User 625
6e9d66ac-2cf9-4961-a11f-900b12021255,User 626
2f0d2d4c-175c-4a0c-8813-18c8b2e26505,User 627
1f873024-3720-4196-ade1-c6503306b1f3,User 628
0f78d1a0-a1af-4cae-b8fa-6d1af06e71dc,User 629
a34b3e78-3f99-4033-98cc-affcf55beacf,User 630
909a696f-41c2-480a-97b6-6029b8d6125d,User 631
baa1c37f-c014-4207-8d5c-8d508b955313,User 632
f70cb14c-aefb-42c8-a058-350ddbc151ce,User 633
ff3ba853-d848-4c58-b4e6-8e9b16713bea,User 634
b3b5698c-7157-46cd-80d8-138570225260,User 635
e8972b51-6186-4292-8bcd-0fb5e0658fdd,User 636
ebd86823-cfc4-4eaa-a9e7-9b7364cda72a,User 637
505d6637-fab1-4539-aee0-7e1f8db617df,User 638
5f45dcec-b50a-43de-b2a1-3c9b1f9616e1,User 639
805d7d2d-2947-47fb-b339-dfd844e767af,User 640
6f6738c8-63e0-4a4b-bd7c-f2b68e722b1c,User 641
7a84cd5b-8c1c-43c6-a787-b9bcd9f0a815,User 642
dbef817f-7449-4af9-93e4-0dc96a014bd0,User 643
c002df1a-f721-4773-b1f9-478e5a16558c,User 644
001a718b-321b-46cb-84b7-f32391352315,User 645
0501ca39-521e-4335-a070-f9e64e2d3fd9,User 646
7d603552-5276-4fe2-a651-7a9bf1bb5a8d,User 647
8e8c113b-c421-4c69-a119-c99173d73976,User 648
6a01eacd-5b46-409c-8179-5697f02cf573,User 649
afac3535-1705-4393-b106-b903569d4098,User 650
4dde7613-8daa-4bea-8b00-feef5c7b60a7,User 651
0d25272d-ff58-4099-8a7b-ac6d254c7b3d,User 652
eb8f0080-bf61-4095-ada6-c6bc952f4d07,User 653
08e9dedd-679c-4c6c-968d-1582698db156,User 654
be828e7a-34de-4716-9503-f4257569fe1d,User 655
debd9028-fae7-4ba1-a32b-f3830ed4d857,User 656
9e1c4894-3f77-456c-9373-f5b36ac779ec,User 657
93abaee0-1a57-47e5-a32d-a45aea3e70d1,User 658
ce7ceecf-524f-4e2c-b19d-3fb051e68e44,User 659
6c2792b8-a314-437a-9568-6be8f8de34d1,User 660
3a547634-8815-4380-9f8a-ba663c075e42,User 661
8ed348f4-c9a9-4fbe-9661-3d32da433a8f,User 662
d64bd6b7-0663-4888-83d6-97ac1a271251,User 663
6a1f3408-c655-40d3-a638-9c9d56d449e1,User 664
6ee16ce3-ba76-4ab9-8851-1791f34eed06,User 665
79848bbb-82e9-4df0-8714-bde21d5ba128,User 666
909ce37f-2c3c-43df-a22a-b0b04dbbda1b,User 667
748feb64-63cc-4fbd-aebe-c350d34d9e1a,User 668
9adf9d1a-68b8-46fb-bcf0-8fa49e90ec5f,User 669
fb9f37b0-e72a-46a2-85b2-46afbfa74002,User 670
25e3d8bc-6063-4bb9-bc81-58e9cb0428e7,User 671
3ed93816-7cd6-421f-9473-be3bba3b5680,User 672
8961aaa5-bdfa-4bb5-81ac-d9ebe729d856,User 673
11e182fd-c4d5-4ea4-b695-f4f538a0266f,User 674
cc9454ef-be32-4498-92a2-f17bc027f5fa,User 675
9011d58f-1ef7-4a3e-a2b2-6aad4949536d,User 676
ad75e38b-7a8b-4c08-86f0-aac17b57b969,User 677
8728cfb6-dd71-468f-9d1d-9eb98ecf3cee,User 678
77b78223-4d39-49a6-b8a5-37bbae4e2ca9,User 679
236eb34f-c602-4960-8bbe-abfa8302435c,User 680
dccb4e5b-01ad-49b5-a9c7-5337544c5853,User 681
f5fcdb19-f8ff-4939-946f-e3b70283729a,User 682
1bc0dc56-a83c-4780-abfb-e82e457af92a,User 683
60bfd665-ce0d-44c0-b58d-4ef310df08aa,User 684
95f674d1-9f94-4b9a-bddd-2d8fd15dc203,User 685
baadea94-4d39-4fe6-871e-938f9feaff02,User 686
eadb3d45-41b2-4f45-8883-15f40c1102f8,User 687
78ed4cd0-2e2f-4ecc-8320-9bf31ac7e73a,User 688
6bd89504-1104-4810-a371-8326742d4b24,User 689
73d6527e-67b9-4229-9eb7-6a9ff9c83c56,User 690
447d3019-5db0-4a3e-a721-d99aa00ecbe3,User 691
c725b4da-ce96-4880-9ce6-7894ce910ce0,User 692
5b8ba481-776b-4eb6-8edd-c3ad0511c294,User 693
b52653eb-ba67-4c68-a80d-5167c939f5cf,User 694
43f2c1aa-0499-4ec9-b3df-1d5f12162162,User 695
2ff3da00-844f-4e62-8358-c2e1a3d49ae8,User 696
61178362-d522-470f-ab31-d5cf229d9f62,User 697
853c6144-0027-4613-a248-c8bdd5f4eeaf,User 698
311ee760-4f69-4f2a-871f-be704692675a,User 699
658ab3cf-9760-42f6-aca2-a498a4c274fb,User 700
19cb7dcc-10f0-4dd7-bc23-4a1b7954ce0f,User 701
ab8facff-befc-440c-b176-4cb8a253e6ad,User 702
f46ffa8c-2412-42da-96af-675d4ca5f6f7,User 703
7999b31f-f2bf-471b-ab46-bbdae07b645d,User 704
8802ae13-f5db-46a1-b71c-8104fcc82014,User 705
cff01b87-ffc9-44b4-9ad3-2c4c57b2047c,User 706
bf2d7c28-8a60-4902-ae5f-2b3790a5a2d4,User 707
9c9ec64d-c15e-4c03-979b-113e2d151f4b,User 708
ecf333a2-45e3-4285-89f8-dd88e0080143,User 709
73c71b46-5675-4a5d-b819-73c88d642076,User 710
fbc9407e-6d4a-47ce-bb52-5a25203b3baf,User 711
cb4f2a0b-be82-47b4-8412-47f3a1e1089c,User 712
7b5ecfef-8029-4b2c-878a-0ea4493f4280,User 713
d4d7e92a-b849-43e8-b7c6-90021b87dde5,User 714
714ac23f-5751-4a63-8295-84fc8b8381cb,User 715
8f9b99a4-bd9e-4677-895a-420ce788c5ed,User 716
adb273fb-36d6-4ba3-9979-4541560f5baf,User 717
dc83be52-f849-4c73-8fff-0a271af18f59,User 718
1143e599-6323-4371-bfaa-17801db8a293,User 719
4a72089e-35d5-4b4d-87ff-8226e72c9c71,User 720
61dd12ba-d641-4585-aad0-1e52929b9af0,User 721
d127ef02-5b75-4042-b31d-e1ca2d89e29c,User 722
5c1c5393-5812-4343-be14-caa87e005459,User 723
75c3e5ab-beae-45f7-be11-16e714d412f0,User 724
f4ed5280-5121-46fd-90b9-c72d3a6fdf90,User 725
07b0d833-ba1b-430b-baaa-9cd1d20313bb,User 726
dfb62d57-21a8-42f0-80d8-b9d4c8604fb0,User 727
6af397b5-a062-4587-bb0e-16831094d828,User 728
235f9a94-1e25-40ca-a412-c78a01fdf0f0,User 729
eb3d2615-0cd1-43a7-8247-6af19786fad6,User 730
25c8430a-8a9f-477e-8f60-a33aed3f4b88,User 731
304a2b63-a466-467f-b55f-6080221c0485,User 732
a4076331-60a9-4f09-9a57-76785a7dc254,User 733
393efc76-275f-4412-932e-4a0c6c0081d9,User 734
44df330c-9602-4777-b11c-bc8862960c47,User 735
e2d44626-864d-4fda-a0f5-cdba15e298f1,User 736
bea0f9b2-c399-40e9-aaef-2984acc305c0,User 737
9ae789bc-0a31-43c4-8edb-8626e9762985,User 738
e7cee0e6-c374-46e1-9137-ea4ff7de1ffd,User 739
99865cbb-177d-46f0-9001-a43ed3cc917f,User 740
8bb4a489-efec-4ac9-8498-dff7c29b8d3a,User 741
76918181-04a5-49bd-a767-15e004edc038,User 742
71571980-3487-4d43-8f91-245adb861c05,User 743
f2b98424-8107-4e4d-86da-988391d7a69c,User 744
e8f64786-5dcd-4a9d-9cec-1123c74c4b40,User 745
ffd91e65-e320-4ae5-bece-f2e7de0c148b,User 746
500aeb15-32e9-45af-9853-6ece01d7a77d,User 747
f0de85f4-85c2-4aa6-96aa-905d955af907,User 748
6c24f9df-0714-4fef-9ab4-0bf5d91d2d22,User 749
e28a4f9c-8105-406c-8e60-269cbf882f95,User 750
62dfc47b-b55c-478f-84ad-9f0351ac0e99,User 751
7928c45d-f908-4564-a79a-8a1a2da9e7cf,User 752
dded0009-c3ee-4bd7-98d3-2d765db01d8d,User 753
cd2aa865-edba-4285-805c-86c23c7bbcc7,User 754
e6bb38ad-4685-43bb-954e-b8f30d736c94,User 755
e05a9fb0-d499-432a-b221-4e59bbbd3705,User 756
3158efdc-1fd7-429e-bc09-257a8e40d57d,User 757
0f8a1aa8-10ac-4160-a212-edc36da3620f,User 758
89f4716c-a3ef-44cc-b9a5-838705a42e08,User 759
1890b797-793b-41e9-99ee-bf1b791be658,User 760
dddeea46-9fe4-4d40-a0b0-fd3fcc59ef3d,User 761
4738a893-f49a-4f08-8ca0-3fe8fbb925f6,User 762
455c9429-0b3a-4f1e-9418-389a050c3f39,User 763
f8994cb2-6b90-47f2-8a33-d09f9d1bbea4,User 764
b337e5f9-4abe-4cfb-8464-1151bacf7d36,User 765
e76d7722-2641-496a-a48b-3bc1942f9ab0,User 766
bcdc7e5d-9426-41ba-8c61-d5fe76204653,User 767
91bfa002-3f9b-49fc-936e-7a21b69af156,User 768
2763dda8-6bd9-48d0-9729-4ba8fabae1ad,User 769
33eaa0fb-c8e1-4c7b-a717-e4eadd03c24b,User 770
b8caf9ba-17b6-45a9-ab17-f9be3fc897b5,User 771
4acb3eb2-67bb-4545-aac8-6ae25f0c616c,User 772
e1cc50de-f338-46fa-8969-e866ae26f6ed,User 773
c090a59e-5af6-4689-aa24-64228aa7cbc8,User 774
e595e496-5395-4b13-a50f-679f4c524a7b,User 775
75285627-ce4f-45e0-b1d1-d0b43d2c67e1,User 776
56e9dad1-8bf1-4320-a521-0f7f5fc644a2,User 777
94156373-f85c-4caa-8310-5c92f7861190,User 778
bf96a450-87fb-4f8c-8286-75f4690dbb69,User 779
cec15651-f9ce-4059-ac95-9772897523d5,User 780
0f3bb553-7255-4946-898c-f7a15ccbe268,User 781
d187bd2b-e297-4e60-9ae1-e0de9b709b24,User 782
7b64adff-b970-44d5-ba48-9a4d7ca632ea,User 783
02aea64e-db62-40eb-8a11-bfb96ec8dd98,User 784
29fb82c9-a7aa-450f-93aa-c2a5c92accfc,User 785
89e676f0-72ca-4094-9c59-da05730e7a3d,User 786
c81889ff-5bc5-40dc-b047-d72625d407a2,User 787
15ec3a9d-139e-4ef4-9e9a-0fad1782d02f,User 788
94b0ba97-8e4a-4966-9ef5-e67415a72b65,User 789
23858328-cc08-40f7-b46c-359fb138bb74,User 790
6414df46-a2ff-4daa-94f2-0c6a29d90016,User 791
f69e18e9-6db1-481d-93ea-6eada824ce61,User 792
54a005dd-b14a-4f1a-b2cd-a077c896e63c,User 793
747a5608-81e4-487c-9a72-1fa9677a87d1,User 794
744a92c7-d169-4d3f-acd5-180ed3211d2e,User 795
1cd86ac7-6769-4f16-99cf-1b0929efa5bf,User 796
c9e63c9b-947e-494c-ae5e-f6704538a980,User 797
3fd6ce88-9fff-4b5b-a3d5-45268c008a68,User 798
704b047c-b3c0-4f16-920d-eb57e3315ee6,User 799
e2431178-03e3-4d75-b2e5-8c3c910e326f,User 800
4bc3e2a8-6a89-40d0-890e-b120f8792cd7,User 801
d18493d1-e144-41cf-9a98-037d8068a80a,User 802
10d327bd-6e21-4548-a3f3-1c433e519072,User 803
1ed55094-005f-4a1b-804f-18ad089a4484,User 804
5d6065dd-64c6-4794-9385-d0b501b3a881,User 805
d5141159-5695-453b-b709-47700deac81e,User 806
3c6dcb5f-ae9e-4b42-9ae8-c14c87881bbc,User 807
1940b0f6-9d82-4275-978d-26d9b2249d4a,User 808
02cadd33-91d0-4b35-ab5d-36a82e803fa4,User 809
cbf00459-0196-4065-82ea-28fe1dba3796,User 810
34e0e6a2-2161-4b38-9a4b-903aa50d8670,User 811
11ac7b4e-f06b-4be6-ace7-a68a5d1304c4,User 812
33a12f0b-00e4-4fb0-b518-1e35567a2f23,User 813
be2ca04f-c289-468e-aae1-68822ee525c0,User 814
21e13638-9478-47db-9fd1-04a3e9cb6d9d,User 815
bf74e4ab-1f3d-4a33-ad32-e892491a954f,User 816
145a6691-f6a1-47d2-9130-705e1717b921,User 817
f6879ff2-d3ed-4f7e-a50d-47cb80d91b42,User 818
7987e303-206e-4757-985d-85fdf159b3c4,User 819
b43bf1de-c463-4f5b-81af-55a81f95e21e,User 820
8cbd8b0e-ff77-40b3-acc2-7dc974e6e7dc,User 821
f191f89e-2929-4e92-bd9b-2babf482302c,User 822
0cd90605-2c9a-457e-aa02-a1a17ca99d65,User 823
4d9e0c6c-c36c-479a-a1e1-2417a9a16c2a,User 824
1cdd0565-5812-4d43-8860-7710e0b377e1,User 825
b05f454d-d702-40b2-bdc5-d09e0f0653f5,User 826
2adecf19-bdba-4480-9ab9-f2eaa54a8a2a,User 827
86287fc5-da21-48c6-a078-03e69b9974bb,User 828
f84893d3-513c-4213-bdc8-340bf6539b59,User 829
2661ae91-752b-4bce-a751-1e22c062c65d,User 830
3108a318-2165-4676-ae9d-1a1fcd9b7fa5,User 831
73878dd3-7a8b-468b-86f0-d1af687992c1,User 832
c9cca6c8-042a-472d-b468-1a1a60811ae6,User 833
dffc7fe3-5371-483b-bafc-575d6046e539,User 834
00152cd5-b30a-4a40-92aa-319c046bc938,User 835
b372c70c-57d7-485d-93df-222da4e04b9b,User 836
3e6d1ac2-5c04-4c74-9dec-3c19ad040800,User 837
369f43e1-0da7-4b90-9254-d60b74bfd862,User 838
95ffb99f-d050-4be9-9d2f-030017e3de3f,User 839
67683837-84f0-436c-a996-bd2915bee288,User 840
a3517d70-7d1b-4cbb-9501-560d7ba0b641,User 841
bd9530fa-5509-4712-b926-5d0bf6353f11,User 842
3da5f42e-d0d2-4e65-8e7a-2f689c2a470b,User 843
e713376c-65c1-43c6-935f-b4936169f767,User 844
7f63eb02-320c-4771-bd74-5b49f3c01180,User 845
74603197-3990-47d9-b09a-f8ee7dea16c8,User 846
59c19e55-eaf5-4f19-ad26-c1819c0424d3,User 847
1d6d226b-7933-45ff-8c45-3828ac47903d,User 848
cc2e0a82-27bf-4e38-b036-dea8a371e1f5,User 849
d2df0a15-4afe-4417-82ec-11a847d92737,User 850
33d98a69-2777-445e-a7de-c06b977cf13f,User 851
dc0ce33e-8109-482d-8c46-3bbb877e0e1e,User 852
66aca888-29f1-4ea8-ad04-c65291e8def5,User 853
e5ae522c-fad9-4bc2-84f7-11afb7da56e6,User 854
93fe7193-d79a-42cc-9e03-ca38d6eb88b4,User 855
d04b3835-17bb-4f7d-95a3-af255d2d4072,User 856
5ffe0aed-a33b-448e-af5d-2f4dcabc8b83,User 857
c3cefba0-68a7-4e70-9b28-78ef8669e865,User 858
2171b3ea-1eae-4dab-b6de-54b0c0b7290e,User 859
ceeb5ca5-a56e-4243-9e0f-6237ac0b8a90,User 860
4f2318ad-1405-48b6-9543-f5c06769fac4,User 861
69f094fe-e43f-48a6-bc48-add0b5aa79b0,User 862
fa1845bb-45ec-4c77-bc02-59c3e0bc63e5,User 863
22c8bdf9-dd4d-4822-b841-270fd311f361,User 864
454e84f1-6f8f-43ea-a613-8be1563eac07,User 865
54deb712-982f-4c6f-9d5d-6b1a4cfad29a,User 866
e5adb325-d83c-4bcd-a349-187ab62b6de4,User 867
415821c7-96af-4661-b6e0-e27e3736f279,User 868
5148531a-e730-4e65-bab2-0b5cfba736bb,User 869
e24ff4e3-066d-483a-96a5-f68ce9376163,User 870
fa5c229c-cbd9-477e-98c9-2304b89bc345,User 871
13e79775-315c-4459-a895-fe58ecfdc942,User 872
73bb01de-adc9-4c69-9dbf-03f36de72a66,User 873
ef8e6db6-45d1-4223-9fc2-d41ebf0fcc6d,User 874
20202b46-82b3-47e8-ab22-65e3c1aaf943,User 875
7d59dafb-d0db-4f0c-967a-867a2467e62e,User 876
2fcd1bef-3792-4192-828b-886e661aba47,User 877
40089481-5f33-4bc6-a30b-a487980c511e,User 878
216269af-5399-4050-972c-98bf4edcaf10,User 879
4d694132-0054-4e2b-8161-95b8af3879ad,User 880
70540da5-30d8-4d57-8c21-e023fb4e5548,User 881
d5cde8f3-aff0-4afa-8b21-f42be2ab702b,User 882
11a49389-4861-4186-b37e-466f5dce91f7,User 883
c31a6488-c86f-4a9c-9c7d-d17b437c55fd,User 884
0050570f-cbbf-4e60-a520-c331829a2a08,User 885
3bdfc9f8-d22a-4c09-b665-664b2babcf37,User 886
4e91e175-3080-429f-ae9d-eced21f51706,User 887
3c1eb831-814b-499b-9ee9-4eaf3b6af317,User 888
51cf89b2-58fa-4005-8603-dde97e7744e6,User 889
32591d31-254e-4c74-990d-ef799e9a5a03,User 890
e0104745-0dde-4ba6-8190-f6dbd4233233,User 891
30b88936-fa21-4654-847a-f0427fe1069a,User 892
1c77ff49-be6e-46b6-8ad7-6175bd1dbea6,User 893
f288388e-9293-48c7-886a-d5a4db274db9,User 894
0516eca2-86cf-49e6-aa9d-9d4e9a24561b,User 895
64ba8b72-70c8-474a-ac2b-937891f6b651,User 896
b2a38480-59b7-4793-82fd-a7c4cfddb7fb,User 897
2cc9669d-7f9e-4703-b7b1-b1d772d11955,User 898
1d3e1042-6681-45f5-95b5-8418e62e84f1,User 899
b3c20d56-23f0-4343-ba88-8f52d362d331,User 900
af5ad3d2-845f-4cc5-8d5f-6565a706c13a,User 901
02aec7c8-ffed-4358-b243-888d35d3c624,User 902
e75a2639-5996-4633-ad7d-4817c89cf1f4,User 903
5d495a5a-a5d6-420d-ac4f-ff9788a42724,User 904
b06aa403-d167-45c9-ace5-e27b240973ea,User 905
e5469716-501c-4d34-bfd7-a830859ab6b2,User 906
e5a8b447-b29d-448b-a3f0-c663205ed482,User 907
a6d084bf-f8dc-4cf4-b27d-3af1e3fd7d11,User 908
09c39137-1b9e-40a5-8ec0-e7e19839cbfb,User 909
5f35f505-eb7f-4d69-a8c9-7df854347b27,User 910
05e3e77d-20a8-4be5-82f4-d17e946a3fda,User 911
2336ca1b-bf23-4029-ba2a-90be06829130,User 912
0a8d12b4-546a-4dfe-b758-7ea6286ff1a2,User 913
eb7ded00-176a-4ad7-810f-148b9812e802,User 914
afd06244-0657-4a58-bc5b-8e18233285c1,User 915
fb70a06f-55ad-447f-b048-931928b9f9fe,User 916
72e115fc-2890-44b6-a74a-9100e6affccf,User 917
e1ea6467-25cd-432d-b02a-ea122b5d5934,User 918
eaf591f6-7372-44a3-961a-d53f4196a98e,User 919
fe81a338-f5ff-45ec-bfdd-fa01d47135b1,User 920
226b5b4e-b681-43d5-b3ad-b3bf7738e0da,User 921
9e43efbd-a268-4c85-b129-15f4c2d5f21c,User 922
7e797c4f-5d60-4e2a-9a6b-356df8565c6a,User 923
3b8c0027-0b3f-4c3f-baf2-2dfd28896472,User 924
9b3bba35-baed-4300-aff1-a6a75c9512ab,User 925
c6a7c32a-f5df-404f-96e9-8928350e6545,User 926
42ca6e9e-1c6f-48a2-81b0-2a4580c4811a,User 927
f369b45c-a966-42d0-bc48-d1446aeac0a9,User 928
1ffb2d23-4d9d-476f-8e65-5079fdecf69c,User 929
a9d4021d-78a3-4778-8005-1a946a22fde0,User 930
cbd6835a-42d1-4086-8593-51101826dbe2,User 931
4261bddc-fa94-48fa-8813-8ea327656b83,User 932
ab55236c-5b70-4265-a6ba-79a529b4f984,User 933
892ead6d-6fbe-452e-93b6-9c635bbb8dac,User 934
9b85f7d9-cd8d-432f-8e3d-fa8bd8beb007,User 935
14354437-c512-401e-9e6e-e0ff7837c5fb,User 936
8eccba52-010d-45d8-9a4d-e6fb99c4292a,User 937
b35ea01a-6d36-4970-b98f-b1d3f91931b6,User 938
0814ac2f-52b7-439b-94ed-b9ed2b913d4d,User 939
3541d4ef-8cc2-44d0-8b4e-355f0637e461,User 940
3401c93f-6898-4088-93c5-40bd71d81210,User 941
d1fba380-31a1-4bfd-aa0b-c78e7f4586a2,User 942
f7aa3f20-a430-4c3e-9a13-0e46a3420a0d,User 943
81f556fb-c0cf-41cb-840d-bf4e92e7553a,User 944
7f2bdee9-22d0-4522-9c15-8a47443f98c7,User 945
47ed65cd-5a06-46f3-b1d8-38a95c2e63ba,User 946
75d58247-4f56-428d-ac0c-0430d03f5774,User 947
ca5ddf68-7dd2-40a0-980a-dcc6344bab05,User 948
c012e34d-bf05-419a-8936-6fe71c35b5e2,User 949
5229588f-f415-455f-a54c-0e2f1deabf97,User 950
18d01670-d288-406b-9cc8-0cec12db1c89,User 951
6c70e597-2c49-4342-ada8-75d572abf714,User 952
d883dc4c-f5cc-4fce-9334-2c657daa82f3,User 953
53db0b58-decb-413c-b16c-9e1657b7fc76,User 954
d5545073-53fc-42c3-b848-900a34c18445,User 955
2887a1ec-309d-418d-a973-4fb81c324ba5,User 956
d5b1f073-2266-4491-8fc7-15137b61f0e9,User 957
4b4254c9-5dc8-4051-8ebc-4b0d07fb2dc5,User 958
0c6279e4-7490-4787-a777-658dc854c8f8,User 959
c1a6f66f-7169-4631-a395-1d364ef00741,User 960
f9f1228a-ed27-448f-919c-6ab08ce2b470,User 961
62d89b66-fc97-4a8b-aae8-2398a9dc0635,User 962
199b44fc-9a02-4123-93ce-5e564da3e16e,User 963
2a5be925-ce78-4e91-b4bb-5c046440aa71,User 964
07f5e245-cd42-468e-a98b-68cf8df7707f,User 965
1c798e4a-14f0-4509-835c-3ddbf47c12a9,User 966
e964616a-3be4-4149-bd5d-2a11b923e5b3,User 967
6b914738-a957-41fb-8e60-cfbf88096d81,User 968
addfc2b2-a69f-41e8-a1c2-a62da3332079,User 969
4973bb40-1675-40ca-a3af-d0ca0c57bc6b,User 970
ccfa4625-294a-42b5-87c8-f9587b2c3392,User 971
0dc7a0f3-7e8e-46a1-a9ff-19476e484712,User 972
83fa0a3a-f5a4-498f-a4ad-5669a8b05852,User 973
be5ee572-ab07-4e48-9361-1a766a582a2c,User 974
f53d848d-eeac-420d-936b-7eb3ad0338e5,User 975
4f5675b0-2c1b-49f9-9cb0-be344cb97a6f,User 976
8b0f604f-5e8b-49c1-a2d8-30332a534624,User 977
330ea44a-c468-435b-8bb4-99d04ed7c3bd,User 978
6a6d53ba-a16f-4465-b434-a197983066eb,User 979
b91cdc34-d027-4c35-8233-b8791a5a57e1,User 980
329d8aab-b1c7-4f7c-afe7-1d0d88acc678,User 981
3f3ed70a-7134-47b2-9007-ca19933b05b2,User 982
2fba4729-6d7b-484c-934e-f4217b8b3e1d,User 983
22fe9f31-fa0e-4167-a9a5-43050081de1b,User 984
02a1e7a4-93ed-41a9-8fea-fff4cf233cc4,User 985
c2f7b485-9727-4547-a14f-ab967fd1beb2,User 986
a3c3ee1b-055f-4afd-ba26-65c5c2bdd151,User 987
9f7f4351-07f9-44d6-81e7-90c76f889b58,User 988
5356aec9-7707-4c7b-8163-03fb55bbfb91,User 989
e87126ca-8b4e-4a9d-be03-4801e1987cc2,User 990
f1a280ce-9ade-4de2-9a60-3692ee9e8fbd,User 991
71e6f1ca-aaf8-4476-9254-297aff48d83d,User 992
eec43f6a-0b6c-4026-b488-06406e92535e,User 993
bb797a72-a5cc-4396-ad28-6b46c4746c62,User 994
521db569-f07c-4ce4-b88a-ec0af76a54b2,User 995
4cc95762-923b-41f7-a4bc-6dc6a97ce73e,User 996
825ec3d4-8376-4da0-a297-1165525dc388,User 997
30c71301-2f4d-4b61-8920-215d4a62da8d,User 998
9cfddeff-5f9f-46bc-bd2c-fb1326b4181d,User 999
857f3916-6a3b-4b31-b655-a0c0fc8188eb,User 1000
